[{"model": "auth.permission", "fields": {"name": "Can add log entry", "content_type": ["admin", "logentry"], "codename": "add_logentry"}}, {"model": "auth.permission", "fields": {"name": "Can change log entry", "content_type": ["admin", "logentry"], "codename": "change_logentry"}}, {"model": "auth.permission", "fields": {"name": "Can delete log entry", "content_type": ["admin", "logentry"], "codename": "delete_logentry"}}, {"model": "auth.permission", "fields": {"name": "Can view log entry", "content_type": ["admin", "logentry"], "codename": "view_logentry"}}, {"model": "auth.permission", "fields": {"name": "Can add permission", "content_type": ["auth", "permission"], "codename": "add_permission"}}, {"model": "auth.permission", "fields": {"name": "Can change permission", "content_type": ["auth", "permission"], "codename": "change_permission"}}, {"model": "auth.permission", "fields": {"name": "Can delete permission", "content_type": ["auth", "permission"], "codename": "delete_permission"}}, {"model": "auth.permission", "fields": {"name": "Can view permission", "content_type": ["auth", "permission"], "codename": "view_permission"}}, {"model": "auth.permission", "fields": {"name": "Can add group", "content_type": ["auth", "group"], "codename": "add_group"}}, {"model": "auth.permission", "fields": {"name": "Can change group", "content_type": ["auth", "group"], "codename": "change_group"}}, {"model": "auth.permission", "fields": {"name": "Can delete group", "content_type": ["auth", "group"], "codename": "delete_group"}}, {"model": "auth.permission", "fields": {"name": "Can view group", "content_type": ["auth", "group"], "codename": "view_group"}}, {"model": "auth.permission", "fields": {"name": "Can add user", "content_type": ["auth", "user"], "codename": "add_user"}}, {"model": "auth.permission", "fields": {"name": "Can change user", "content_type": ["auth", "user"], "codename": "change_user"}}, {"model": "auth.permission", "fields": {"name": "Can delete user", "content_type": ["auth", "user"], "codename": "delete_user"}}, {"model": "auth.permission", "fields": {"name": "Can view user", "content_type": ["auth", "user"], "codename": "view_user"}}, {"model": "auth.permission", "fields": {"name": "Can add content type", "content_type": ["contenttypes", "contenttype"], "codename": "add_contenttype"}}, {"model": "auth.permission", "fields": {"name": "Can change content type", "content_type": ["contenttypes", "contenttype"], "codename": "change_contenttype"}}, {"model": "auth.permission", "fields": {"name": "Can delete content type", "content_type": ["contenttypes", "contenttype"], "codename": "delete_contenttype"}}, {"model": "auth.permission", "fields": {"name": "Can view content type", "content_type": ["contenttypes", "contenttype"], "codename": "view_contenttype"}}, {"model": "auth.permission", "fields": {"name": "Can add session", "content_type": ["sessions", "session"], "codename": "add_session"}}, {"model": "auth.permission", "fields": {"name": "Can change session", "content_type": ["sessions", "session"], "codename": "change_session"}}, {"model": "auth.permission", "fields": {"name": "Can delete session", "content_type": ["sessions", "session"], "codename": "delete_session"}}, {"model": "auth.permission", "fields": {"name": "Can view session", "content_type": ["sessions", "session"], "codename": "view_session"}}, {"model": "auth.permission", "fields": {"name": "Can add department", "content_type": ["sports", "department"], "codename": "add_department"}}, {"model": "auth.permission", "fields": {"name": "Can change department", "content_type": ["sports", "department"], "codename": "change_department"}}, {"model": "auth.permission", "fields": {"name": "Can delete department", "content_type": ["sports", "department"], "codename": "delete_department"}}, {"model": "auth.permission", "fields": {"name": "Can view department", "content_type": ["sports", "department"], "codename": "view_department"}}, {"model": "auth.permission", "fields": {"name": "Can add student", "content_type": ["sports", "event"], "codename": "add_student"}}, {"model": "auth.permission", "fields": {"name": "Can change student", "content_type": ["sports", "event"], "codename": "change_student"}}, {"model": "auth.permission", "fields": {"name": "Can delete student", "content_type": ["sports", "event"], "codename": "delete_student"}}, {"model": "auth.permission", "fields": {"name": "Can view student", "content_type": ["sports", "event"], "codename": "view_student"}}, {"model": "auth.permission", "fields": {"name": "Can add teacher", "content_type": ["sports", "group"], "codename": "add_teacher"}}, {"model": "auth.permission", "fields": {"name": "Can change teacher", "content_type": ["sports", "group"], "codename": "change_teacher"}}, {"model": "auth.permission", "fields": {"name": "Can delete teacher", "content_type": ["sports", "group"], "codename": "delete_teacher"}}, {"model": "auth.permission", "fields": {"name": "Can view teacher", "content_type": ["sports", "group"], "codename": "view_teacher"}}, {"model": "auth.permission", "fields": {"name": "Can add player", "content_type": ["sports", "match"], "codename": "add_player"}}, {"model": "auth.permission", "fields": {"name": "Can change player", "content_type": ["sports", "match"], "codename": "change_player"}}, {"model": "auth.permission", "fields": {"name": "Can delete player", "content_type": ["sports", "match"], "codename": "delete_player"}}, {"model": "auth.permission", "fields": {"name": "Can view player", "content_type": ["sports", "match"], "codename": "view_player"}}, {"model": "auth.permission", "fields": {"name": "Can add event", "content_type": ["sports", "player"], "codename": "add_event"}}, {"model": "auth.permission", "fields": {"name": "Can change event", "content_type": ["sports", "player"], "codename": "change_event"}}, {"model": "auth.permission", "fields": {"name": "Can delete event", "content_type": ["sports", "player"], "codename": "delete_event"}}, {"model": "auth.permission", "fields": {"name": "Can view event", "content_type": ["sports", "player"], "codename": "view_event"}}, {"model": "auth.permission", "fields": {"name": "Can add manager", "content_type": ["sports", "venue"], "codename": "add_manager"}}, {"model": "auth.permission", "fields": {"name": "Can change manager", "content_type": ["sports", "venue"], "codename": "change_manager"}}, {"model": "auth.permission", "fields": {"name": "Can delete manager", "content_type": ["sports", "venue"], "codename": "delete_manager"}}, {"model": "auth.permission", "fields": {"name": "Can view manager", "content_type": ["sports", "venue"], "codename": "view_manager"}}, {"model": "auth.permission", "fields": {"name": "Can add group", "content_type": ["sports", "team"], "codename": "add_group"}}, {"model": "auth.permission", "fields": {"name": "Can change group", "content_type": ["sports", "team"], "codename": "change_group"}}, {"model": "auth.permission", "fields": {"name": "Can delete group", "content_type": ["sports", "team"], "codename": "delete_group"}}, {"model": "auth.permission", "fields": {"name": "Can view group", "content_type": ["sports", "team"], "codename": "view_group"}}, {"model": "auth.permission", "fields": {"name": "Can add team", "content_type": ["sports", "teacher"], "codename": "add_team"}}, {"model": "auth.permission", "fields": {"name": "Can change team", "content_type": ["sports", "teacher"], "codename": "change_team"}}, {"model": "auth.permission", "fields": {"name": "Can delete team", "content_type": ["sports", "teacher"], "codename": "delete_team"}}, {"model": "auth.permission", "fields": {"name": "Can view team", "content_type": ["sports", "teacher"], "codename": "view_team"}}, {"model": "auth.permission", "fields": {"name": "Can add team player", "content_type": ["sports", "student"], "codename": "add_teamplayer"}}, {"model": "auth.permission", "fields": {"name": "Can change team player", "content_type": ["sports", "student"], "codename": "change_teamplayer"}}, {"model": "auth.permission", "fields": {"name": "Can delete team player", "content_type": ["sports", "student"], "codename": "delete_teamplayer"}}, {"model": "auth.permission", "fields": {"name": "Can view team player", "content_type": ["sports", "student"], "codename": "view_teamplayer"}}, {"model": "auth.permission", "fields": {"name": "Can add venue", "content_type": ["sports", "standing"], "codename": "add_venue"}}, {"model": "auth.permission", "fields": {"name": "Can change venue", "content_type": ["sports", "standing"], "codename": "change_venue"}}, {"model": "auth.permission", "fields": {"name": "Can delete venue", "content_type": ["sports", "standing"], "codename": "delete_venue"}}, {"model": "auth.permission", "fields": {"name": "Can view venue", "content_type": ["sports", "standing"], "codename": "view_venue"}}, {"model": "auth.permission", "fields": {"name": "Can add match", "content_type": ["sports", "manager"], "codename": "add_match"}}, {"model": "auth.permission", "fields": {"name": "Can change match", "content_type": ["sports", "manager"], "codename": "change_match"}}, {"model": "auth.permission", "fields": {"name": "Can delete match", "content_type": ["sports", "manager"], "codename": "delete_match"}}, {"model": "auth.permission", "fields": {"name": "Can view match", "content_type": ["sports", "manager"], "codename": "view_match"}}, {"model": "auth.permission", "fields": {"name": "Can add standing", "content_type": ["sports", "teamplayer"], "codename": "add_standing"}}, {"model": "auth.permission", "fields": {"name": "Can change standing", "content_type": ["sports", "teamplayer"], "codename": "change_standing"}}, {"model": "auth.permission", "fields": {"name": "Can delete standing", "content_type": ["sports", "teamplayer"], "codename": "delete_standing"}}, {"model": "auth.permission", "fields": {"name": "Can view standing", "content_type": ["sports", "teamplayer"], "codename": "view_standing"}}, {"model": "auth.permission", "fields": {"name": "Can add profile", "content_type": ["user_profile", "profile"], "codename": "add_profile"}}, {"model": "auth.permission", "fields": {"name": "Can change profile", "content_type": ["user_profile", "profile"], "codename": "change_profile"}}, {"model": "auth.permission", "fields": {"name": "Can delete profile", "content_type": ["user_profile", "profile"], "codename": "delete_profile"}}, {"model": "auth.permission", "fields": {"name": "Can view profile", "content_type": ["user_profile", "profile"], "codename": "view_profile"}}, {"model": "auth.group", "fields": {"name": "Managers", "permissions": [["change_event", "sports", "player"], ["view_event", "sports", "player"]]}}, {"model": "auth.user", "fields": {"password": "pbkdf2_sha256$320000$JKpYb2vCO4D7AQvX0QcHgl$lcsighwpAEMr782ZlzQxG02Rt1hcPh7o4MaMVCohcd0=", "last_login": "2022-09-25T10:04:19.630Z", "is_superuser": true, "username": "Admin", "first_name": "Admin", "last_name": "", "email": "admin@dev-mamun.com", "is_staff": true, "is_active": true, "date_joined": "2022-06-18T12:56:57Z", "groups": [], "user_permissions": []}}, {"model": "auth.user", "fields": {"password": "pbkdf2_sha256$320000$NoDdlYD836dCRYQT27g9Z3$1+8GKbmMwaMALamL8Q4aTSXxbDwf+ce0PwCjF5LcHNY=", "last_login": null, "is_superuser": true, "username": "chavezpaula@example.net", "first_name": "James", "last_name": "Wright", "email": "chavezpaula@example.net", "is_staff": true, "is_active": true, "date_joined": "2022-06-18T12:57:01.317Z", "groups": [], "user_permissions": []}}, {"model": "auth.user", "fields": {"password": "pbkdf2_sha256$320000$o0CMgA574XVOEQRkELNKRf$p+E9EsjRymW/M232PNxBOtLIvV9Rk3ZNwrKOcgRO4U0=", "last_login": null, "is_superuser": true, "username": "fmedina@example.com", "first_name": "Allison", "last_name": "Lopez", "email": "fmedina@example.com", "is_staff": true, "is_active": true, "date_joined": "2022-06-18T12:57:01.367Z", "groups": [], "user_permissions": []}}, {"model": "auth.user", "fields": {"password": "pbkdf2_sha256$320000$epR14vydFEbrHAjNHugHBX$hM8M/6rYZwTuqO4N+n78gtBOPTEdP+RP52ziheF7OTY=", "last_login": null, "is_superuser": true, "username": "larrymoore@example.com", "first_name": "Julie", "last_name": "Rowe", "email": "larrymoore@example.com", "is_staff": true, "is_active": true, "date_joined": "2022-06-18T12:57:01.419Z", "groups": [], "user_permissions": []}}, {"model": "auth.user", "fields": {"password": "pbkdf2_sha256$320000$s7FAlqN0MtQ06BfXgB7foZ$QOScJ1SP0bw6CqFj2B8hAeMM5XPJpSaU+AJ8bLpJ6Lc=", "last_login": null, "is_superuser": true, "username": "denisehiggins@example.org", "first_name": "Connie", "last_name": "Ford", "email": "denisehiggins@example.org", "is_staff": true, "is_active": true, "date_joined": "2022-06-18T12:57:01.471Z", "groups": [], "user_permissions": []}}, {"model": "auth.user", "fields": {"password": "pbkdf2_sha256$320000$yacD4sUtMCMOdMuKzVkzz6$9BhITtYVpkD7JqornEL2SlQSTLP4jr4/ZEMzfAcTwxY=", "last_login": null, "is_superuser": true, "username": "kgarza@example.org", "first_name": "Loretta", "last_name": "Parker", "email": "kgarza@example.org", "is_staff": true, "is_active": true, "date_joined": "2022-06-18T12:57:01.536Z", "groups": [], "user_permissions": []}}, {"model": "auth.user", "fields": {"password": "pbkdf2_sha256$320000$qyiSoYlCCHIajePKZkLkFM$Et/ydr1MPhK0FJ+pOoI021db8i2ibimTAew43mK4lxA=", "last_login": null, "is_superuser": false, "username": "karenwhite@example.net", "first_name": "Heather", "last_name": "Freeman", "email": "karenwhite@example.net", "is_staff": false, "is_active": true, "date_joined": "2022-06-18T12:57:01.600Z", "groups": [], "user_permissions": []}}, {"model": "auth.user", "fields": {"password": "pbkdf2_sha256$320000$kEPj9Z99n1SJNFgUsBMVwd$1SJqmhMUHZZelo52E2DIIgULVV6jhjQOmHnQcx6kEKA=", "last_login": null, "is_superuser": false, "username": "rose21@example.com", "first_name": "Johnathan", "last_name": "Cross", "email": "rose21@example.com", "is_staff": false, "is_active": true, "date_joined": "2022-06-18T12:57:01.655Z", "groups": [], "user_permissions": []}}, {"model": "auth.user", "fields": {"password": "pbkdf2_sha256$320000$5wrfB4KPVh426L4Z4vzRQ2$4nF7yeiG4RMvJhbSGcG5qqCv/V6VnCgAKiTsp/aGe3g=", "last_login": null, "is_superuser": false, "username": "zacharytanner@example.net", "first_name": "Michael", "last_name": "James", "email": "zacharytanner@example.net", "is_staff": false, "is_active": true, "date_joined": "2022-06-18T12:57:01.707Z", "groups": [], "user_permissions": []}}, {"model": "auth.user", "fields": {"password": "pbkdf2_sha256$320000$kpub0sP9M0ACy7nIHtDu01$Glp7wD5n/bbS94ppRUk4xzmaNm3pFpszKuKTB33yEVU=", "last_login": null, "is_superuser": false, "username": "carrieross@example.org", "first_name": "Paige", "last_name": "Oneal", "email": "carrieross@example.org", "is_staff": false, "is_active": true, "date_joined": "2022-06-18T12:57:01.755Z", "groups": [], "user_permissions": []}}, {"model": "auth.user", "fields": {"password": "pbkdf2_sha256$320000$uisNODYDELjTUAOWo78f3w$t0B6s28rVaLAf66K6Vs4v6Bq2b2h+OUlBiv74JmgofQ=", "last_login": null, "is_superuser": false, "username": "gabrielbrooks@example.net", "first_name": "Sean", "last_name": "Oliver", "email": "gabrielbrooks@example.net", "is_staff": false, "is_active": true, "date_joined": "2022-06-18T12:57:01.805Z", "groups": [], "user_permissions": []}}, {"model": "auth.user", "fields": {"password": "pbkdf2_sha256$320000$GkIBNYYIrnHZAyIUmqhJfE$zxl3hy5CvOXtaJunCqaxc5RCAhoKzeabkYIXn/9Jvjc=", "last_login": null, "is_superuser": false, "username": "iperez@example.net", "first_name": "Hannah", "last_name": "Khan", "email": "iperez@example.net", "is_staff": false, "is_active": true, "date_joined": "2022-06-18T12:57:01.855Z", "groups": [], "user_permissions": []}}, {"model": "auth.user", "fields": {"password": "pbkdf2_sha256$320000$yXmmmYcpX6fMXaPEke47tD$IP33HRSPNEWqJe8eOttjJWx/oD7f+NtnIpArfZClW5s=", "last_login": null, "is_superuser": false, "username": "joannapotter@example.net", "first_name": "Dustin", "last_name": "Lopez", "email": "joannapotter@example.net", "is_staff": false, "is_active": true, "date_joined": "2022-06-18T12:57:01.904Z", "groups": [], "user_permissions": []}}, {"model": "auth.user", "fields": {"password": "pbkdf2_sha256$320000$dMYtKpqdQNDfEoJr5kw5lB$7xU8ykoFzKeExJIGypr/tKre1YrWYJlfCiQTE5uul2k=", "last_login": null, "is_superuser": false, "username": "david88@example.com", "first_name": "Zachary", "last_name": "Long", "email": "david88@example.com", "is_staff": false, "is_active": true, "date_joined": "2022-06-18T12:57:01.953Z", "groups": [], "user_permissions": []}}, {"model": "auth.user", "fields": {"password": "pbkdf2_sha256$320000$9TWdxTboZqUzW0QNJnnQF5$4NHlDcXrKPB0oes8p7DOHQl+CJo/SRUmli4BoEctpBI=", "last_login": null, "is_superuser": false, "username": "paul80@example.com", "first_name": "Eric", "last_name": "Lopez", "email": "paul80@example.com", "is_staff": false, "is_active": true, "date_joined": "2022-06-18T12:57:02.001Z", "groups": [], "user_permissions": []}}, {"model": "auth.user", "fields": {"password": "pbkdf2_sha256$320000$xb6LgMrdX7zcfoWexsOnfH$gQ5Nj1UTLqNRaaelputVbJHcBJKzjcHCkopWw1OcjMw=", "last_login": null, "is_superuser": false, "username": "kmorris@example.org", "first_name": "Jennifer", "last_name": "Gaines", "email": "kmorris@example.org", "is_staff": false, "is_active": true, "date_joined": "2022-06-18T12:57:02.051Z", "groups": [], "user_permissions": []}}, {"model": "auth.user", "fields": {"password": "pbkdf2_sha256$320000$k09BgPazllUrh75vYbuIUs$6TWVwHKdfwLycr8nHnrsNNTVmluFVaZJE7yvlhy1rsE=", "last_login": null, "is_superuser": false, "username": "angelagutierrez@example.com", "first_name": "Vanessa", "last_name": "Smith", "email": "angelagutierrez@example.com", "is_staff": false, "is_active": true, "date_joined": "2022-06-18T12:57:02.101Z", "groups": [], "user_permissions": []}}, {"model": "auth.user", "fields": {"password": "pbkdf2_sha256$320000$qlgUBffP7UCvUZKjmDNod9$fEiBlax9lK9Xg9C9RyAccXeujY8+8z/c6JgkXbcV4HA=", "last_login": null, "is_superuser": false, "username": "joshuahooper@example.org", "first_name": "Nicole", "last_name": "Martinez", "email": "joshuahooper@example.org", "is_staff": false, "is_active": true, "date_joined": "2022-06-18T12:57:02.150Z", "groups": [], "user_permissions": []}}, {"model": "auth.user", "fields": {"password": "pbkdf2_sha256$320000$RFfxkV5z3BryQIUoIu36pY$gNR6l0clCWdNAZlWKU8LIo6HRhXjkG0OI/lmBAG4O44=", "last_login": null, "is_superuser": false, "username": "josephdrake@example.org", "first_name": "Gabriel", "last_name": "Haynes", "email": "josephdrake@example.org", "is_staff": false, "is_active": true, "date_joined": "2022-06-18T12:57:02.198Z", "groups": [], "user_permissions": []}}, {"model": "auth.user", "fields": {"password": "pbkdf2_sha256$320000$QdUoyxFPn9LbX7DjLgdZFR$whqnlVRh84SoSdu/7h6ELuaj7Mmu4DyJ8IPtvv7I2Ig=", "last_login": null, "is_superuser": false, "username": "farmerphillip@example.com", "first_name": "Joseph", "last_name": "Brown", "email": "farmerphillip@example.com", "is_staff": false, "is_active": true, "date_joined": "2022-06-18T12:57:02.246Z", "groups": [], "user_permissions": []}}, {"model": "auth.user", "fields": {"password": "pbkdf2_sha256$320000$gBYGiliShPPfsCgHG9V5d8$qTjJZSyRD+5aprMrwvEhNecGtKiSiJBrfiDtVXJkTxw=", "last_login": null, "is_superuser": false, "username": "ecook@example.org", "first_name": "Christopher", "last_name": "Simmons", "email": "ecook@example.org", "is_staff": false, "is_active": true, "date_joined": "2022-06-18T12:57:02.297Z", "groups": [], "user_permissions": []}}, {"model": "auth.user", "fields": {"password": "pbkdf2_sha256$320000$jMCARQJ4vJviib5jFwr8cz$YZF5PHf7/UvB05DUdnufWxs1kO3UqGXcJ5y1g3NgrOw=", "last_login": null, "is_superuser": false, "username": "petersentracey@example.org", "first_name": "Melissa", "last_name": "Hunt", "email": "petersentracey@example.org", "is_staff": false, "is_active": true, "date_joined": "2022-06-18T12:57:02.353Z", "groups": [], "user_permissions": []}}, {"model": "auth.user", "fields": {"password": "pbkdf2_sha256$320000$dEEnvXKPFMM8hRxLmU3R7X$LpANtPX6RymHxTZSOmyKaFBe2lOTvwJn+71OLAeG6Rk=", "last_login": null, "is_superuser": false, "username": "jennifer20@example.com", "first_name": "Rebecca", "last_name": "Moore", "email": "jennifer20@example.com", "is_staff": false, "is_active": true, "date_joined": "2022-06-18T12:57:02.410Z", "groups": [], "user_permissions": []}}, {"model": "auth.user", "fields": {"password": "pbkdf2_sha256$320000$hIxVhI3K9NY9Mw4cxsuR3M$nKid5paky5Aqx79EjMtNN5w/kpu/5DPFkC8DD0+TT5g=", "last_login": null, "is_superuser": false, "username": "david01@example.com", "first_name": "April", "last_name": "Martin", "email": "david01@example.com", "is_staff": false, "is_active": true, "date_joined": "2022-06-18T12:57:02.461Z", "groups": [], "user_permissions": []}}, {"model": "auth.user", "fields": {"password": "pbkdf2_sha256$320000$XEUmFUawfS4tHxn9qOCqDY$wZx1IttVNLw0xIv+OdL9T8NVd/7/vaCT/rsjwImjbXw=", "last_login": null, "is_superuser": false, "username": "mary22@example.org", "first_name": "Maria", "last_name": "Osborne", "email": "mary22@example.org", "is_staff": false, "is_active": true, "date_joined": "2022-06-18T12:57:02.511Z", "groups": [], "user_permissions": []}}, {"model": "auth.user", "fields": {"password": "pbkdf2_sha256$320000$ZALxUA2GGBcCSkF9CpAxCy$Ei0fUiQ1a7EKnaF3r87+MsJrGEaVhAe2dnOHCXV67zM=", "last_login": null, "is_superuser": false, "username": "randyhall@example.com", "first_name": "Adam", "last_name": "Brown", "email": "randyhall@example.com", "is_staff": false, "is_active": true, "date_joined": "2022-06-18T12:57:02.565Z", "groups": [], "user_permissions": []}}, {"model": "auth.user", "fields": {"password": "pbkdf2_sha256$320000$urS4Db8EvQZ3sGBmVn7IDb$7t0brx2z8agKYy/cMJZbR0fd/SaNdVrQwdvBBfm7DEs=", "last_login": null, "is_superuser": false, "username": "fmccormick@example.com", "first_name": "Devin", "last_name": "Frazier", "email": "fmccormick@example.com", "is_staff": false, "is_active": true, "date_joined": "2022-06-18T12:57:02.621Z", "groups": [], "user_permissions": []}}, {"model": "auth.user", "fields": {"password": "pbkdf2_sha256$320000$RuYns8dC6oBsM95zstZpCV$b02WQvhV8r8DOfYlP/Tks7DMA8P8vRY/Rb1ocNbLea0=", "last_login": null, "is_superuser": false, "username": "emorris@example.net", "first_name": "Nicole", "last_name": "Jordan", "email": "emorris@example.net", "is_staff": false, "is_active": true, "date_joined": "2022-06-18T12:57:02.673Z", "groups": [], "user_permissions": []}}, {"model": "auth.user", "fields": {"password": "pbkdf2_sha256$320000$ugm6B2ck48qgBUOLKnoijl$9nmpE/5Zd9p3coIKmbLfUOK2/DCljk7o5uVkKGhCy74=", "last_login": null, "is_superuser": false, "username": "jenniferward@example.net", "first_name": "Kathryn", "last_name": "Aguilar", "email": "jenniferward@example.net", "is_staff": false, "is_active": true, "date_joined": "2022-06-18T12:57:02.722Z", "groups": [], "user_permissions": []}}, {"model": "auth.user", "fields": {"password": "pbkdf2_sha256$320000$b56NxQ1Fb3nrFTbiScMTL4$KYq7QF43eqj2+RlbCQ9whmSVvTGEXvJD8JnnPj06V9M=", "last_login": null, "is_superuser": false, "username": "xhuerta@example.net", "first_name": "Diane", "last_name": "Miller", "email": "xhuerta@example.net", "is_staff": false, "is_active": true, "date_joined": "2022-06-18T12:57:02.771Z", "groups": [], "user_permissions": []}}, {"model": "auth.user", "fields": {"password": "pbkdf2_sha256$320000$3zvw4Lc6hldJo00g3S1VHM$Gey8FsMNDHHl9BPlaVrL9E03Mtk5skPsumlCXOQJjz8=", "last_login": null, "is_superuser": false, "username": "eric04@example.org", "first_name": "Laura", "last_name": "Fleming", "email": "eric04@example.org", "is_staff": false, "is_active": true, "date_joined": "2022-06-18T12:57:02.819Z", "groups": [], "user_permissions": []}}, {"model": "auth.user", "fields": {"password": "pbkdf2_sha256$320000$ilFalhLmy8Rak1Crb5CFXu$76hriwshWKZB94tuLgutiUHPOqVdxslDECpx2ZgT5bM=", "last_login": null, "is_superuser": false, "username": "woodsmatthew@example.org", "first_name": "William", "last_name": "Manning", "email": "woodsmatthew@example.org", "is_staff": false, "is_active": true, "date_joined": "2022-06-18T12:57:02.867Z", "groups": [], "user_permissions": []}}, {"model": "auth.user", "fields": {"password": "pbkdf2_sha256$320000$24mxRm4GHYOGoFN0pCZAMX$UXzmprbJ1LyVkT5R5NtrN1WtBhVrqulDAvnA0dfSFAA=", "last_login": null, "is_superuser": false, "username": "jessemcdonald@example.com", "first_name": "Luke", "last_name": "Austin", "email": "jessemcdonald@example.com", "is_staff": false, "is_active": true, "date_joined": "2022-06-18T12:57:02.916Z", "groups": [], "user_permissions": []}}, {"model": "auth.user", "fields": {"password": "pbkdf2_sha256$320000$YHnFbYFDFdrKoynsATYEQ7$wCGxzIn1zgUSg24Ciue0+CaQzuD9YLLoBrUl60Vlz0E=", "last_login": null, "is_superuser": false, "username": "jason21@example.net", "first_name": "Julie", "last_name": "Williams", "email": "jason21@example.net", "is_staff": false, "is_active": true, "date_joined": "2022-06-18T12:57:02.966Z", "groups": [], "user_permissions": []}}, {"model": "auth.user", "fields": {"password": "pbkdf2_sha256$320000$rXXY8hKsrPANfuxLZNA9Ih$f/IN61dRYxa9f2uMIiTSjOd3fVmWITaB8lh0JN01Sq8=", "last_login": null, "is_superuser": false, "username": "breynolds@example.net", "first_name": "George", "last_name": "Estrada", "email": "breynolds@example.net", "is_staff": false, "is_active": true, "date_joined": "2022-06-18T12:57:03.015Z", "groups": [], "user_permissions": []}}, {"model": "auth.user", "fields": {"password": "pbkdf2_sha256$320000$lgEFFriUMVSXrqvHKKfsxl$WllrhGPjm3t3y8SMMh8ilDgzCA8AEJRrzCfevWuSEuA=", "last_login": null, "is_superuser": false, "username": "nicholas04@example.net", "first_name": "Jessica", "last_name": "Monroe", "email": "nicholas04@example.net", "is_staff": false, "is_active": true, "date_joined": "2022-06-18T12:57:03.064Z", "groups": [], "user_permissions": []}}, {"model": "auth.user", "fields": {"password": "pbkdf2_sha256$320000$kzXvntUSYno8Pp6XLQY2cs$6KVxpFrMAhcIj02ijX1tzf90UuZ8x2UxJQA6LWfHqNs=", "last_login": null, "is_superuser": false, "username": "william12@example.org", "first_name": "Thomas", "last_name": "Myers", "email": "william12@example.org", "is_staff": false, "is_active": true, "date_joined": "2022-06-18T12:57:03.111Z", "groups": [], "user_permissions": []}}, {"model": "auth.user", "fields": {"password": "pbkdf2_sha256$320000$t6BIWrbZax5aAsU8l2woQi$rMenDgHrxGzjZDs4hIJkrW/6o5aqTyvZUtf09R2ag8Y=", "last_login": null, "is_superuser": false, "username": "ortizkellie@example.com", "first_name": "Alexander", "last_name": "Robinson", "email": "ortizkellie@example.com", "is_staff": false, "is_active": true, "date_joined": "2022-06-18T12:57:03.160Z", "groups": [], "user_permissions": []}}, {"model": "auth.user", "fields": {"password": "pbkdf2_sha256$320000$D4NtquCGsnlZMLe8HEs07Z$SocmnmdPpitDDtZUicW/5NbFsXFCWJJbjKYpCgOKfLY=", "last_login": null, "is_superuser": false, "username": "kimmichael@example.net", "first_name": "Kurt", "last_name": "Johnson", "email": "kimmichael@example.net", "is_staff": false, "is_active": true, "date_joined": "2022-06-18T12:57:03.210Z", "groups": [], "user_permissions": []}}, {"model": "auth.user", "fields": {"password": "pbkdf2_sha256$320000$8NNKZJYkolbBDgCFa1K7yH$NveAGRPNUIwZnsp1gxYCWRtGFM/sTtIXYQZulpZZHpo=", "last_login": null, "is_superuser": false, "username": "matthew40@example.org", "first_name": "Maria", "last_name": "Perez", "email": "matthew40@example.org", "is_staff": false, "is_active": true, "date_joined": "2022-06-18T12:57:03.259Z", "groups": [], "user_permissions": []}}, {"model": "auth.user", "fields": {"password": "pbkdf2_sha256$320000$ZADPghEHshUZyhTMqtB9F0$K0zY7fEYm/BmaGPrT9VgG0zsyZWj4OyyS68eldL9jm4=", "last_login": null, "is_superuser": false, "username": "hoodnicholas@example.org", "first_name": "Tonya", "last_name": "Freeman", "email": "hoodnicholas@example.org", "is_staff": false, "is_active": true, "date_joined": "2022-06-18T12:57:03.308Z", "groups": [], "user_permissions": []}}, {"model": "auth.user", "fields": {"password": "pbkdf2_sha256$320000$pJxJHjbfgdODzlXD8qTeRc$TLgEdDLrIGDTjwoPz/WfWaf8nUOPRoZDx8S+whMHrRY=", "last_login": null, "is_superuser": false, "username": "dbarr@example.com", "first_name": "Jonathan", "last_name": "Mccall", "email": "dbarr@example.com", "is_staff": false, "is_active": true, "date_joined": "2022-06-18T12:57:03.356Z", "groups": [], "user_permissions": []}}, {"model": "auth.user", "fields": {"password": "pbkdf2_sha256$320000$D8GrDGl7NSC4Ti33FUdVKv$rav1vqKwzRkKNsHkHFCHFMNlUG6VnuSfxL3TBekAV0c=", "last_login": "2022-06-18T12:57:33.542Z", "is_superuser": false, "username": "abigailperkins@example.com", "first_name": "Shelley", "last_name": "Soto", "email": "abigailperkins@example.com", "is_staff": false, "is_active": true, "date_joined": "2022-06-18T12:57:03.404Z", "groups": [], "user_permissions": []}}, {"model": "auth.user", "fields": {"password": "pbkdf2_sha256$320000$Tv2mPxKdrcKeVEaCdHgJx5$JjN6qmfVjaMjIV4v4jfie6JxUILp/2hnjAlBpvNa35M=", "last_login": null, "is_superuser": false, "username": "kellysutton@example.net", "first_name": "Cindy", "last_name": "Thomas", "email": "kellysutton@example.net", "is_staff": false, "is_active": true, "date_joined": "2022-06-18T12:57:03.454Z", "groups": [], "user_permissions": []}}, {"model": "auth.user", "fields": {"password": "pbkdf2_sha256$320000$zmGQ48ycDH5U8pv6oiYeOB$OrOe5D2HNlCrpRTm/wRRs1q8P+fDeMT21XHhOscGgzA=", "last_login": null, "is_superuser": false, "username": "basslaura@example.org", "first_name": "Brian", "last_name": "Copeland", "email": "basslaura@example.org", "is_staff": false, "is_active": true, "date_joined": "2022-06-18T12:57:03.503Z", "groups": [], "user_permissions": []}}, {"model": "auth.user", "fields": {"password": "pbkdf2_sha256$320000$0wDOBdajNGHuwbDECf7ghw$PNOKjT9A/9d0Z8vfPGiTbTf9TbBOqnQ6spnT6EFi4Hw=", "last_login": null, "is_superuser": false, "username": "kfigueroa@example.net", "first_name": "Charlotte", "last_name": "Lowery", "email": "kfigueroa@example.net", "is_staff": false, "is_active": true, "date_joined": "2022-06-18T12:57:03.552Z", "groups": [], "user_permissions": []}}, {"model": "auth.user", "fields": {"password": "pbkdf2_sha256$320000$cU1dcftwdnah7fFXsb4WpL$BIL7558m7CatfWkn2pfiYAZJo9fw93FDbm560m2Kb9s=", "last_login": null, "is_superuser": false, "username": "sherry34@example.net", "first_name": "Chelsea", "last_name": "Avery", "email": "sherry34@example.net", "is_staff": false, "is_active": true, "date_joined": "2022-06-18T12:57:03.600Z", "groups": [], "user_permissions": []}}, {"model": "auth.user", "fields": {"password": "pbkdf2_sha256$320000$VUiTYujTx2FU9PVb3Nfuv1$UU7GjUPOGCYqOANHWK1iTgbFCsWQ4l6HP/i8xErVZuw=", "last_login": null, "is_superuser": false, "username": "jesus09@example.net", "first_name": "Stephanie", "last_name": "Stewart", "email": "jesus09@example.net", "is_staff": false, "is_active": true, "date_joined": "2022-06-18T12:57:03.648Z", "groups": [], "user_permissions": []}}, {"model": "auth.user", "fields": {"password": "pbkdf2_sha256$320000$Ed1e4p7Mwdnd6qewTHBxN4$OjaMbtwrSsYQrwmJ4H5FAvmhXwCIm3GFT33Hq5vTElk=", "last_login": null, "is_superuser": false, "username": "kim56@example.net", "first_name": "Devin", "last_name": "Wilson", "email": "kim56@example.net", "is_staff": false, "is_active": true, "date_joined": "2022-06-18T12:57:03.697Z", "groups": [], "user_permissions": []}}, {"model": "auth.user", "fields": {"password": "pbkdf2_sha256$320000$71ARoScqU5aJ7zgHE9KVt7$99RbNTuDeNJgcW57iPdyzc3iW9gsYGUNEySyfP4ud6E=", "last_login": null, "is_superuser": false, "username": "lmason@example.org", "first_name": "Sarah", "last_name": "Little", "email": "lmason@example.org", "is_staff": false, "is_active": true, "date_joined": "2022-06-18T12:57:03.746Z", "groups": [], "user_permissions": []}}, {"model": "auth.user", "fields": {"password": "pbkdf2_sha256$320000$TyPALzNllO8tJcOFBagNt9$sm4BBIVzItW1nOhnNGq/Qj5zlylBrcMOOFxxgXZVm0k=", "last_login": null, "is_superuser": false, "username": "keithgarcia@example.net", "first_name": "John", "last_name": "Bryant", "email": "keithgarcia@example.net", "is_staff": false, "is_active": true, "date_joined": "2022-06-18T12:57:03.794Z", "groups": [], "user_permissions": []}}, {"model": "auth.user", "fields": {"password": "pbkdf2_sha256$320000$jXJJ5jRZ3SPA495fjMEaat$xXgerRyhlgzaK/t8DDBbSOYTWXbDXJQQDtSLFV2VwTo=", "last_login": null, "is_superuser": false, "username": "bakermichelle@example.com", "first_name": "Leslie", "last_name": "Reed", "email": "bakermichelle@example.com", "is_staff": false, "is_active": true, "date_joined": "2022-06-18T12:57:03.842Z", "groups": [], "user_permissions": []}}, {"model": "auth.user", "fields": {"password": "pbkdf2_sha256$320000$hAKRgh9TBvyVGOPvhmGhtB$OyuiNNjR74REZ9aA2yz5QcLY0o5Tpr1wnO/sj5ZHJpM=", "last_login": null, "is_superuser": false, "username": "annettegriffith@example.net", "first_name": "Adam", "last_name": "Garrett", "email": "annettegriffith@example.net", "is_staff": false, "is_active": true, "date_joined": "2022-06-18T12:57:03.890Z", "groups": [], "user_permissions": []}}, {"model": "auth.user", "fields": {"password": "pbkdf2_sha256$320000$2qQurvEMyC748FIYpf9ceJ$JIFW4x3t5P1L7zWfmcQg06/0sbXqwWdEK9WJgZnt5DA=", "last_login": null, "is_superuser": false, "username": "amy32@example.net", "first_name": "Darren", "last_name": "Wilson", "email": "amy32@example.net", "is_staff": false, "is_active": true, "date_joined": "2022-06-18T12:57:03.940Z", "groups": [], "user_permissions": []}}, {"model": "auth.user", "fields": {"password": "pbkdf2_sha256$320000$g07fTvmfR8NXSh9MqA3vnE$W3x1rI9Rq3SnfkoIMcWwWRF35xxvEC0Qm6+0L6q4F04=", "last_login": null, "is_superuser": false, "username": "yangdiana@example.com", "first_name": "Christine", "last_name": "Mejia", "email": "yangdiana@example.com", "is_staff": false, "is_active": true, "date_joined": "2022-06-18T12:57:03.988Z", "groups": [], "user_permissions": []}}, {"model": "auth.user", "fields": {"password": "pbkdf2_sha256$320000$Q4HA0UBppmlakfKHAwL27P$Rvrv/7qEGBD8QGzDJCyGwyI8OOPLu5uyTNJ+wRZn1fE=", "last_login": null, "is_superuser": false, "username": "wheelerchristopher@example.com", "first_name": "Jenna", "last_name": "Jimenez", "email": "wheelerchristopher@example.com", "is_staff": false, "is_active": true, "date_joined": "2022-06-18T12:57:04.037Z", "groups": [], "user_permissions": []}}, {"model": "auth.user", "fields": {"password": "pbkdf2_sha256$320000$x1K1I1qs8Ka4ELwEBcHkPd$GZDUzGU6KDrb+/hv6LILBKvhUEJDBBCUKfBlfz2qSWI=", "last_login": null, "is_superuser": false, "username": "christophercardenas@example.net", "first_name": "Sherri", "last_name": "Obrien", "email": "christophercardenas@example.net", "is_staff": false, "is_active": true, "date_joined": "2022-06-18T12:57:04.085Z", "groups": [], "user_permissions": []}}, {"model": "auth.user", "fields": {"password": "pbkdf2_sha256$320000$cvgr4waHpw8LKgvCNbPlpj$ftU7UID8VHNuQoQxYRu8zQlkEgdPtB9HSBVzb76hBa4=", "last_login": null, "is_superuser": false, "username": "rossmichael@example.net", "first_name": "Melissa", "last_name": "Johnson", "email": "rossmichael@example.net", "is_staff": false, "is_active": true, "date_joined": "2022-06-18T12:57:04.134Z", "groups": [], "user_permissions": []}}, {"model": "auth.user", "fields": {"password": "pbkdf2_sha256$320000$vTMztmliB0muTC8QeCydkH$Hkl3f+MUl1kuLVPEzrPjWz1+Iix1VoULj7yRVENZrTU=", "last_login": null, "is_superuser": false, "username": "rosalesdaniel@example.net", "first_name": "Joshua", "last_name": "Williams", "email": "rosalesdaniel@example.net", "is_staff": false, "is_active": true, "date_joined": "2022-06-18T12:57:04.184Z", "groups": [], "user_permissions": []}}, {"model": "auth.user", "fields": {"password": "pbkdf2_sha256$320000$TkePGLW7VZkECp1VBuSs1N$JxWA3fwT96MHCL0Lqzf7B0F0QDu/yzVibIIVVBj3RA4=", "last_login": null, "is_superuser": false, "username": "hubbardstephanie@example.org", "first_name": "Daniel", "last_name": "Price", "email": "hubbardstephanie@example.org", "is_staff": false, "is_active": true, "date_joined": "2022-06-18T12:57:04.232Z", "groups": [], "user_permissions": []}}, {"model": "auth.user", "fields": {"password": "pbkdf2_sha256$320000$6iQrfMPddrZreCv7UMS02Y$d4r/CasiT2/y/JPq4j5h1rzNzepHo70NZR0tg1auDsw=", "last_login": null, "is_superuser": false, "username": "harrisethan@example.net", "first_name": "Jonathan", "last_name": "Bailey", "email": "harrisethan@example.net", "is_staff": false, "is_active": true, "date_joined": "2022-06-18T12:57:04.280Z", "groups": [], "user_permissions": []}}, {"model": "auth.user", "fields": {"password": "pbkdf2_sha256$320000$EdTmDDTbeh8rlJrTuok4dM$fveIztTESiBBtfsds4aOSXkcbGH3K+dnGdyUk6KiIV0=", "last_login": null, "is_superuser": false, "username": "shannon01@example.org", "first_name": "Terry", "last_name": "Ray", "email": "shannon01@example.org", "is_staff": false, "is_active": true, "date_joined": "2022-06-18T12:57:04.328Z", "groups": [], "user_permissions": []}}, {"model": "auth.user", "fields": {"password": "pbkdf2_sha256$320000$rILp1rjaVE89qTJCbki7tL$Se43T4M5YROAIcPngZ/I+iKwWU2iBn9u2bfgSpBHcGs=", "last_login": null, "is_superuser": false, "username": "jonessean@example.com", "first_name": "Allison", "last_name": "Smith", "email": "jonessean@example.com", "is_staff": false, "is_active": true, "date_joined": "2022-06-18T12:57:04.377Z", "groups": [], "user_permissions": []}}, {"model": "auth.user", "fields": {"password": "pbkdf2_sha256$320000$HMlaDSQC3DdzfGgux8rZFk$wqCD6eIkQWAtFQpNI7AdXBpOX4AWUcw0XRHG4TkInp4=", "last_login": null, "is_superuser": false, "username": "blackwelljacqueline@example.org", "first_name": "Stephanie", "last_name": "Mitchell", "email": "blackwelljacqueline@example.org", "is_staff": false, "is_active": true, "date_joined": "2022-06-18T12:57:04.427Z", "groups": [], "user_permissions": []}}, {"model": "auth.user", "fields": {"password": "pbkdf2_sha256$320000$fYfWak7iq2r1YJgKr8QRFk$RSSJJaNWbrFQ8Y5RkBDD62EnVsXYVa3ZODeusYBv9qs=", "last_login": null, "is_superuser": false, "username": "mcraig@example.com", "first_name": "Lori", "last_name": "Lane", "email": "mcraig@example.com", "is_staff": false, "is_active": true, "date_joined": "2022-06-18T12:57:04.475Z", "groups": [], "user_permissions": []}}, {"model": "auth.user", "fields": {"password": "pbkdf2_sha256$320000$rNv7SLVSYcZCiHnRQ0ryRG$KqEzXhnxH7b5rBwWKpQ7KkEL4145yHlJiw982zOboeA=", "last_login": null, "is_superuser": false, "username": "zhaynes@example.net", "first_name": "Lauren", "last_name": "Adams", "email": "zhaynes@example.net", "is_staff": false, "is_active": true, "date_joined": "2022-06-18T12:57:04.524Z", "groups": [], "user_permissions": []}}, {"model": "auth.user", "fields": {"password": "pbkdf2_sha256$320000$JhAunB87UBPqgclNOx10k5$Ie5NS5l09phBJ+A3Qbvh5ydOpJTYCjmLoxVOAV20mzw=", "last_login": null, "is_superuser": false, "username": "tanya51@example.net", "first_name": "Kevin", "last_name": "Jordan", "email": "tanya51@example.net", "is_staff": false, "is_active": true, "date_joined": "2022-06-18T12:57:04.573Z", "groups": [], "user_permissions": []}}, {"model": "auth.user", "fields": {"password": "pbkdf2_sha256$320000$Q6x8qbcjOEorj4Fvn0OUsr$p5FFn+k4jXOgFPmgJ4kZqcE/eAO5a83TtKRHOnhv2KY=", "last_login": null, "is_superuser": false, "username": "mitchellanthony@example.org", "first_name": "Zachary", "last_name": "Colon", "email": "mitchellanthony@example.org", "is_staff": false, "is_active": true, "date_joined": "2022-06-18T12:57:04.621Z", "groups": [], "user_permissions": []}}, {"model": "auth.user", "fields": {"password": "pbkdf2_sha256$320000$tNQfG6bStRHE1vXrhTu4am$ePP/7Dq/59lSZN8MYgaZvgY5h7jgnPYwdg2/LOYA9z0=", "last_login": null, "is_superuser": false, "username": "ccortez@example.net", "first_name": "Tiffany", "last_name": "Fleming", "email": "ccortez@example.net", "is_staff": false, "is_active": true, "date_joined": "2022-06-18T12:57:04.670Z", "groups": [], "user_permissions": []}}, {"model": "auth.user", "fields": {"password": "pbkdf2_sha256$320000$bhFqPql0UJDiJvNklf6SvQ$qjRj3wT9M/KKonXSX8F3OEcB5P7pBEzzWbc6FsPihGI=", "last_login": null, "is_superuser": false, "username": "josephroth@example.org", "first_name": "Christopher", "last_name": "Hernandez", "email": "josephroth@example.org", "is_staff": false, "is_active": true, "date_joined": "2022-06-18T12:57:04.719Z", "groups": [], "user_permissions": []}}, {"model": "auth.user", "fields": {"password": "pbkdf2_sha256$320000$m2GS5XLENM8KOKIl53lqMj$XgqbGYG9OtsTBXpNtPRIHTWxxEf0j6aOXhYZakkRdE8=", "last_login": null, "is_superuser": false, "username": "stephanievega@example.com", "first_name": "Lisa", "last_name": "Fox", "email": "stephanievega@example.com", "is_staff": false, "is_active": true, "date_joined": "2022-06-18T12:57:04.768Z", "groups": [], "user_permissions": []}}, {"model": "auth.user", "fields": {"password": "pbkdf2_sha256$320000$LiOU9lVTp4akXVAjdXT7xn$hJA3I7WfB4oDbTahbpH9iL1nWJqif/hVh7l7QoIvNDY=", "last_login": null, "is_superuser": false, "username": "brownjasmine@example.com", "first_name": "Zachary", "last_name": "Erickson", "email": "brownjasmine@example.com", "is_staff": false, "is_active": true, "date_joined": "2022-06-18T12:57:04.817Z", "groups": [], "user_permissions": []}}, {"model": "auth.user", "fields": {"password": "pbkdf2_sha256$320000$mxt7rmrBY6pi3anIGw7hAE$HzVuQwNz4lWe4/FN/YotQhBHaEL+GxjkSlQx01XOniA=", "last_login": null, "is_superuser": false, "username": "mpark@example.com", "first_name": "Stephanie", "last_name": "Duncan", "email": "mpark@example.com", "is_staff": false, "is_active": true, "date_joined": "2022-06-18T12:57:04.865Z", "groups": [], "user_permissions": []}}, {"model": "auth.user", "fields": {"password": "pbkdf2_sha256$320000$bvKhjd2zlRXXwiQfBQ3QGf$rb4B1SToaRLjxXIXeCKbaV1u02mejzXPtYN1bvwuJKw=", "last_login": null, "is_superuser": false, "username": "christopherlong@example.org", "first_name": "Tyler", "last_name": "Long", "email": "christopherlong@example.org", "is_staff": false, "is_active": true, "date_joined": "2022-06-18T12:57:04.914Z", "groups": [], "user_permissions": []}}, {"model": "auth.user", "fields": {"password": "pbkdf2_sha256$320000$8tFjCn8SEtnofx5kQReKr1$KRAjz54L8b9J14Z9R1LZpKbs1MZrE+4aZir9gd9cKXQ=", "last_login": null, "is_superuser": false, "username": "gloriasimmons@example.org", "first_name": "Mark", "last_name": "Baker", "email": "gloriasimmons@example.org", "is_staff": false, "is_active": true, "date_joined": "2022-06-18T12:57:04.964Z", "groups": [], "user_permissions": []}}, {"model": "auth.user", "fields": {"password": "pbkdf2_sha256$320000$zDaT1CRdIL9SEpgeYj1ZGs$RFnhN3bktwagLPorq+CcMA/QDrfonSn09GZpi1o+aDg=", "last_login": null, "is_superuser": false, "username": "keith11@example.net", "first_name": "Ashlee", "last_name": "Vargas", "email": "keith11@example.net", "is_staff": false, "is_active": true, "date_joined": "2022-06-18T12:57:05.012Z", "groups": [], "user_permissions": []}}, {"model": "auth.user", "fields": {"password": "pbkdf2_sha256$320000$mpTSar85KiDvVn3N1uJjXS$8J0VKtiiUtKSpj2EAPhRSpC+0IDvQ/6Is27Hosjky14=", "last_login": null, "is_superuser": false, "username": "sarahanderson@example.com", "first_name": "Angie", "last_name": "Jackson", "email": "sarahanderson@example.com", "is_staff": false, "is_active": true, "date_joined": "2022-06-18T12:57:05.060Z", "groups": [], "user_permissions": []}}, {"model": "auth.user", "fields": {"password": "pbkdf2_sha256$320000$Lcc76V9T7sZQjhpfYwTVmZ$hwVPsFRmmkK4GMzL5wciu2EKmYwMkWtMZAexDHy4dIk=", "last_login": null, "is_superuser": false, "username": "omiller@example.com", "first_name": "Brandon", "last_name": "Lambert", "email": "omiller@example.com", "is_staff": false, "is_active": true, "date_joined": "2022-06-18T12:57:05.109Z", "groups": [], "user_permissions": []}}, {"model": "auth.user", "fields": {"password": "pbkdf2_sha256$320000$MPEll5ZthbWoTALf2Jz3hC$Rhekl1XqcX755Q6ArkmGfT0d2vYWVHZl9yvZBWlIGcg=", "last_login": null, "is_superuser": false, "username": "jill24@example.org", "first_name": "Alan", "last_name": "Ellis", "email": "jill24@example.org", "is_staff": false, "is_active": true, "date_joined": "2022-06-18T12:57:05.159Z", "groups": [], "user_permissions": []}}, {"model": "auth.user", "fields": {"password": "pbkdf2_sha256$320000$Tb8GhdYiLaQyvCqEnufpOI$LkhiIoYHhNFZX+LY7y92PEyLDqpFmiqMqV0pmRVpy+Q=", "last_login": null, "is_superuser": false, "username": "nnorman@example.net", "first_name": "Sarah", "last_name": "Douglas", "email": "nnorman@example.net", "is_staff": false, "is_active": true, "date_joined": "2022-06-18T12:57:05.207Z", "groups": [], "user_permissions": []}}, {"model": "auth.user", "fields": {"password": "pbkdf2_sha256$320000$f9t90oDiNmxj2FGfbIrGcq$6rkXEC9AcvCFhz79PK2pgIrCAf6xFRSLJkx0loG906E=", "last_login": null, "is_superuser": false, "username": "Marjuk_Russell", "first_name": "Marjuk", "last_name": "Russell", "email": "clarksara@example.org", "is_staff": false, "is_active": true, "date_joined": "2022-06-18T12:57:05Z", "groups": [], "user_permissions": []}}, {"model": "auth.user", "fields": {"password": "pbkdf2_sha256$320000$m6GadbeS0AeZ1wmaNWdwVG$A0w5pqoj4NL2NsNjl4NSFVjM4F2vE5AfuMYhKIgrFCo=", "last_login": null, "is_superuser": false, "username": "kevin55@example.org", "first_name": "Benjamin", "last_name": "Fry", "email": "kevin55@example.org", "is_staff": false, "is_active": true, "date_joined": "2022-06-18T12:57:05.304Z", "groups": [], "user_permissions": []}}, {"model": "auth.user", "fields": {"password": "pbkdf2_sha256$320000$i8bFHao46D5hYtz7y6I30D$VIl9/Oq0bbL4LDeDvysn02H6V/oNmDqpK7m8CasdSRQ=", "last_login": null, "is_superuser": false, "username": "john25@example.com", "first_name": "Andrew", "last_name": "Fox", "email": "john25@example.com", "is_staff": false, "is_active": true, "date_joined": "2022-06-18T12:57:05.352Z", "groups": [], "user_permissions": []}}, {"model": "auth.user", "fields": {"password": "pbkdf2_sha256$320000$csx42Nu7fVcRPVVUhnXsXQ$7PG5Tn4DSxQtS5+F1KoTDo5ypZC/mTtZUWpmdAqnXEY=", "last_login": null, "is_superuser": false, "username": "smithchristopher@example.net", "first_name": "Eric", "last_name": "Frost", "email": "smithchristopher@example.net", "is_staff": false, "is_active": true, "date_joined": "2022-06-18T12:57:05.402Z", "groups": [], "user_permissions": []}}, {"model": "auth.user", "fields": {"password": "pbkdf2_sha256$320000$irxyJQP6RitImZnFwtWU8V$PDOqxdKrllNV9j5pKbgz7DQN6OBGlTyZhQ88fYLdb+c=", "last_login": null, "is_superuser": false, "username": "david91@example.org", "first_name": "Lori", "last_name": "Simpson", "email": "david91@example.org", "is_staff": false, "is_active": true, "date_joined": "2022-06-18T12:57:05.450Z", "groups": [], "user_permissions": []}}, {"model": "auth.user", "fields": {"password": "pbkdf2_sha256$320000$XrtGTRgKdrU2GLcRwfhwNZ$uYPhiGa5iYdysBfCDlloPdmXBbSrjjKc3luwn6xI//8=", "last_login": null, "is_superuser": false, "username": "barnettchase@example.org", "first_name": "Shawn", "last_name": "Ashley", "email": "barnettchase@example.org", "is_staff": false, "is_active": true, "date_joined": "2022-06-18T12:57:05.499Z", "groups": [], "user_permissions": []}}, {"model": "auth.user", "fields": {"password": "pbkdf2_sha256$320000$aHvO67dzsRnGH5DkucaCzy$2RvN5+OgdHlXjayIx4bRl0x4l8PK/XtBuVqn8YQTX5U=", "last_login": null, "is_superuser": false, "username": "ricky73@example.org", "first_name": "Cynthia", "last_name": "Mcguire", "email": "ricky73@example.org", "is_staff": false, "is_active": true, "date_joined": "2022-06-18T12:57:05.548Z", "groups": [], "user_permissions": []}}, {"model": "auth.user", "fields": {"password": "pbkdf2_sha256$320000$iYpT7OlZmdFu65EKky3AGc$Xx2UJHFENsVaJUPhuuQSNXJBGg3cR4helpvydxKGbqY=", "last_login": null, "is_superuser": false, "username": "andersontina@example.org", "first_name": "William", "last_name": "Hartman", "email": "andersontina@example.org", "is_staff": false, "is_active": true, "date_joined": "2022-06-18T12:57:05.596Z", "groups": [], "user_permissions": []}}, {"model": "auth.user", "fields": {"password": "pbkdf2_sha256$320000$RVJtLdut4Wi2nvYqpNIP1p$qnWzUeRiKcDCDJzNay/FcNPn/4GHxCSWgCC+g66zVvE=", "last_login": null, "is_superuser": false, "username": "wallaceelaine@example.net", "first_name": "Stephanie", "last_name": "Carr", "email": "wallaceelaine@example.net", "is_staff": false, "is_active": true, "date_joined": "2022-06-18T12:57:05.646Z", "groups": [], "user_permissions": []}}, {"model": "auth.user", "fields": {"password": "pbkdf2_sha256$320000$hNC1snaOZNMM3QhE5Okssj$O7ii4ioCVvSA4AD2fratvlrpIv0Ztxiu5/Heuxq6LZU=", "last_login": null, "is_superuser": false, "username": "tyler85@example.net", "first_name": "Jennifer", "last_name": "Ramirez", "email": "tyler85@example.net", "is_staff": false, "is_active": true, "date_joined": "2022-06-18T12:57:05.695Z", "groups": [], "user_permissions": []}}, {"model": "auth.user", "fields": {"password": "pbkdf2_sha256$320000$DkFMlQkSFWK4v28V6sz09z$ODYgnSrmsTF/tubTL3d+qD7y7PD+L7wKc7zvL9/QDwc=", "last_login": null, "is_superuser": false, "username": "jhodges@example.org", "first_name": "Melissa", "last_name": "Durham", "email": "jhodges@example.org", "is_staff": false, "is_active": true, "date_joined": "2022-06-18T12:57:05.743Z", "groups": [], "user_permissions": []}}, {"model": "auth.user", "fields": {"password": "pbkdf2_sha256$320000$nVfNoTfnjmhhiSPsYaCNVp$LkBWYMV3x0oGhzJXjx3USqZt8djoMILYm2UY3ja0AN4=", "last_login": null, "is_superuser": false, "username": "leejeffrey@example.com", "first_name": "Christopher", "last_name": "Parks", "email": "leejeffrey@example.com", "is_staff": false, "is_active": true, "date_joined": "2022-06-18T12:57:05.792Z", "groups": [], "user_permissions": []}}, {"model": "auth.user", "fields": {"password": "pbkdf2_sha256$320000$XT0HpOoZHJTKIGwxu3JD79$v0PQ6uF8JdYwwMI7dEf3BoAGTHbF7vndYLmTp7Jyg2Q=", "last_login": null, "is_superuser": false, "username": "john33@example.org", "first_name": "Aaron", "last_name": "Wallace", "email": "john33@example.org", "is_staff": false, "is_active": true, "date_joined": "2022-06-18T12:57:05.840Z", "groups": [], "user_permissions": []}}, {"model": "auth.user", "fields": {"password": "pbkdf2_sha256$320000$KnulI0XQBl3mfUkmnpWduA$6fuQri6l8wxhTBdTp6iA2P5h8YtiJSdwwuf9yj/7GS8=", "last_login": null, "is_superuser": false, "username": "alee@example.com", "first_name": "Elizabeth", "last_name": "Nguyen", "email": "alee@example.com", "is_staff": false, "is_active": true, "date_joined": "2022-06-18T12:57:05.890Z", "groups": [], "user_permissions": []}}, {"model": "auth.user", "fields": {"password": "pbkdf2_sha256$320000$mzibal9t9n7EjFPkPpQG4c$xhiDzZhXUk3rrwv1Sm8DkEOaZGkBhvvrayF2K3mVJjs=", "last_login": null, "is_superuser": false, "username": "regina00@example.org", "first_name": "Roy", "last_name": "Reese", "email": "regina00@example.org", "is_staff": false, "is_active": true, "date_joined": "2022-06-18T12:57:05.939Z", "groups": [], "user_permissions": []}}, {"model": "auth.user", "fields": {"password": "pbkdf2_sha256$320000$duG6cg1Jgib0uILCM08rh4$C2YyjKwDHWCE31+XpEoPG5bk2uz0PMNwulAWf08P45Q=", "last_login": null, "is_superuser": false, "username": "echan@example.org", "first_name": "Eric", "last_name": "Martinez", "email": "echan@example.org", "is_staff": false, "is_active": true, "date_joined": "2022-06-18T12:57:05.988Z", "groups": [], "user_permissions": []}}, {"model": "auth.user", "fields": {"password": "pbkdf2_sha256$320000$QxKxwpiVOwXmfaDzoeLxzo$IFqjEju8UpDwvvn2vzV9zCNjeYtWSGWf354AXrcBa/4=", "last_login": null, "is_superuser": false, "username": "shelby98@example.org", "first_name": "Travis", "last_name": "Harris", "email": "shelby98@example.org", "is_staff": false, "is_active": true, "date_joined": "2022-06-18T12:57:06.036Z", "groups": [], "user_permissions": []}}, {"model": "auth.user", "fields": {"password": "pbkdf2_sha256$320000$a9ePYcinUeGyXn3tV4Lm1P$dOnN6T99U7JkszEg+zZPbFRVY9QVxx8vagXti1FFPaM=", "last_login": null, "is_superuser": false, "username": "jenna19@example.com", "first_name": "Jennifer", "last_name": "Ortiz", "email": "jenna19@example.com", "is_staff": false, "is_active": true, "date_joined": "2022-06-18T12:57:06.085Z", "groups": [], "user_permissions": []}}, {"model": "auth.user", "fields": {"password": "pbkdf2_sha256$320000$GfU2nHPqEA7xYkBbARZIpQ$Ts7rW+m7frP9Qau4fSFKbBPEGcMmw2NKfXb2cOiGCQE=", "last_login": null, "is_superuser": false, "username": "jonesjohn@example.org", "first_name": "Bryan", "last_name": "Williams", "email": "jonesjohn@example.org", "is_staff": false, "is_active": true, "date_joined": "2022-06-18T12:57:06.135Z", "groups": [], "user_permissions": []}}, {"model": "auth.user", "fields": {"password": "pbkdf2_sha256$320000$YLIqXrIVo7ltCbN6jKPnU5$87z53FZAgwOZXm1DfVDH18/W3HIiW7MfsTT9JKnSqCw=", "last_login": null, "is_superuser": false, "username": "ewilkerson@example.org", "first_name": "Daniel", "last_name": "Payne", "email": "ewilkerson@example.org", "is_staff": false, "is_active": true, "date_joined": "2022-06-18T12:57:06.183Z", "groups": [], "user_permissions": []}}, {"model": "auth.user", "fields": {"password": "pbkdf2_sha256$320000$EH1GLcLwVqmXKkJC99TirN$WquqA6HVGiFRwiXVTj+807EGOAGBBLe7AJLvFNyRsi4=", "last_login": null, "is_superuser": false, "username": "andrew87@example.com", "first_name": "Connor", "last_name": "Bailey", "email": "andrew87@example.com", "is_staff": false, "is_active": true, "date_joined": "2022-06-18T12:57:06.232Z", "groups": [], "user_permissions": []}}, {"model": "auth.user", "fields": {"password": "pbkdf2_sha256$320000$qMfDm52ykGjidWYhwEy2y4$vqOm0AHXQA4B/Dy0T0O2++teIfc75f0CDXPcDbTkGxs=", "last_login": null, "is_superuser": false, "username": "fclark@example.com", "first_name": "Danielle", "last_name": "Watson", "email": "fclark@example.com", "is_staff": false, "is_active": true, "date_joined": "2022-06-18T12:57:06.280Z", "groups": [], "user_permissions": []}}, {"model": "auth.user", "fields": {"password": "pbkdf2_sha256$320000$SyJy6TAETueKfj3QNNlfJm$I/EocJ5pfjygIvwh6fsfBEu+fvWrxebOTgkfL7bjyxc=", "last_login": null, "is_superuser": false, "username": "austin53@example.net", "first_name": "Ernest", "last_name": "Neal", "email": "austin53@example.net", "is_staff": false, "is_active": true, "date_joined": "2022-06-18T12:57:06.329Z", "groups": [], "user_permissions": []}}, {"model": "auth.user", "fields": {"password": "pbkdf2_sha256$320000$GNxgipjO6HCylpr08Qigt9$cbnY+hp+RBynslw43svDrMLoT9Ibob/sAD0rsgdHdMw=", "last_login": null, "is_superuser": false, "username": "cynthia76@example.org", "first_name": "Michele", "last_name": "Lee", "email": "cynthia76@example.org", "is_staff": false, "is_active": true, "date_joined": "2022-06-18T12:57:06.378Z", "groups": [], "user_permissions": []}}, {"model": "auth.user", "fields": {"password": "pbkdf2_sha256$320000$CI3lTpHur3uxZe5uFDwBNs$5pJCz/tGmb7kFueFdqn+dwpUOOFhHAHlAEaFs1Zgz/4=", "last_login": null, "is_superuser": false, "username": "jsmith@example.org", "first_name": "Eric", "last_name": "Barry", "email": "jsmith@example.org", "is_staff": false, "is_active": true, "date_joined": "2022-06-18T12:57:06.426Z", "groups": [], "user_permissions": []}}, {"model": "auth.user", "fields": {"password": "pbkdf2_sha256$320000$xgQrrMIyQevICCZlgdtKOW$chZoOM9wv1QpZbrNgYx8Atsv2w+MC52ok2Bjju7Ztec=", "last_login": null, "is_superuser": false, "username": "hwilson@example.net", "first_name": "Amanda", "last_name": "Miller", "email": "hwilson@example.net", "is_staff": false, "is_active": true, "date_joined": "2022-06-18T12:57:06.475Z", "groups": [], "user_permissions": []}}, {"model": "auth.user", "fields": {"password": "pbkdf2_sha256$320000$cYMQrCHqbEQD1hnSeXbUB2$IoxsYzF49B3qigGfrj+/IYn22D166itgJTX0dDFsxNc=", "last_login": null, "is_superuser": false, "username": "timothyvelez@example.net", "first_name": "Jessica", "last_name": "Krueger", "email": "timothyvelez@example.net", "is_staff": false, "is_active": true, "date_joined": "2022-06-18T12:57:06.523Z", "groups": [], "user_permissions": []}}, {"model": "auth.user", "fields": {"password": "pbkdf2_sha256$320000$ViWGdWoIqJZeEiYupF38cZ$dIynhNfZMZkdgjeKp9SeVnxIRNDWMW/Z0QD5imZzuHo=", "last_login": null, "is_superuser": false, "username": "robertchristensen@example.org", "first_name": "Charles", "last_name": "Grimes", "email": "robertchristensen@example.org", "is_staff": false, "is_active": true, "date_joined": "2022-06-18T12:57:06.572Z", "groups": [], "user_permissions": []}}, {"model": "auth.user", "fields": {"password": "pbkdf2_sha256$320000$0vwpbKLlz3Q8m5v5X4J2dT$va0ckF3zqjch279aKJFxrXBArBXMUWby6IhfOygnYr8=", "last_login": null, "is_superuser": false, "username": "zscott@example.net", "first_name": "Vicki", "last_name": "Pugh", "email": "zscott@example.net", "is_staff": false, "is_active": true, "date_joined": "2022-06-18T12:57:06.622Z", "groups": [], "user_permissions": []}}, {"model": "auth.user", "fields": {"password": "pbkdf2_sha256$320000$XEhv3ksHIn8OXNLHJwyd4f$P/+lXMY9P3TgNUte6R7esOSvy9Xe6bwukyOP+F6l4DQ=", "last_login": null, "is_superuser": false, "username": "ynguyen@example.com", "first_name": "Kathleen", "last_name": "Richardson", "email": "ynguyen@example.com", "is_staff": false, "is_active": true, "date_joined": "2022-06-18T12:57:06.671Z", "groups": [], "user_permissions": []}}, {"model": "auth.user", "fields": {"password": "pbkdf2_sha256$320000$3AU0TEuMPgs9PT0WZZYi3K$aywW1TCSA222GnIoT0mgyNn3ygDsftfFYt1Y+6y5Bhw=", "last_login": null, "is_superuser": false, "username": "kayla95@example.com", "first_name": "Keith", "last_name": "Clements", "email": "kayla95@example.com", "is_staff": false, "is_active": true, "date_joined": "2022-06-18T12:57:06.719Z", "groups": [], "user_permissions": []}}, {"model": "auth.user", "fields": {"password": "pbkdf2_sha256$320000$WsxJuLLy6NwNWp0caJ8fz4$LxIIMKgW0cie20Hc8j6GYkUFW8PjbhNILVN6bMlMxvY=", "last_login": null, "is_superuser": false, "username": "watkinsrobert@example.com", "first_name": "Sarah", "last_name": "Garcia", "email": "watkinsrobert@example.com", "is_staff": false, "is_active": true, "date_joined": "2022-06-18T12:57:06.767Z", "groups": [], "user_permissions": []}}, {"model": "auth.user", "fields": {"password": "pbkdf2_sha256$320000$ftzoygFZDsRSNnh1kk3sRX$B9z3CJmd/mD02leY+St2Dz7fvbFLDbI79US8TUwGF9M=", "last_login": null, "is_superuser": false, "username": "kevinporter@example.org", "first_name": "Angela", "last_name": "Alvarez", "email": "kevinporter@example.org", "is_staff": false, "is_active": true, "date_joined": "2022-06-18T12:57:06.815Z", "groups": [], "user_permissions": []}}, {"model": "auth.user", "fields": {"password": "pbkdf2_sha256$320000$TvjACCevVtpoCnBjJ00HDD$sh3y/8HJe9kirR6gbEBsstaJ/s+m/hTR8kl6tP7wE7c=", "last_login": null, "is_superuser": false, "username": "jill60@example.org", "first_name": "James", "last_name": "Perez", "email": "jill60@example.org", "is_staff": false, "is_active": true, "date_joined": "2022-06-18T12:57:06.865Z", "groups": [], "user_permissions": []}}, {"model": "auth.user", "fields": {"password": "pbkdf2_sha256$320000$zpWvYJnBiMOwVdwgDbtiG5$jKlU0ZNRAq23vhhTun7X7H4v4xxpOvxvXUlUvUj64yo=", "last_login": null, "is_superuser": false, "username": "meghan52@example.com", "first_name": "Trevor", "last_name": "Hall", "email": "meghan52@example.com", "is_staff": false, "is_active": true, "date_joined": "2022-06-18T12:57:06.914Z", "groups": [], "user_permissions": []}}, {"model": "auth.user", "fields": {"password": "pbkdf2_sha256$320000$EMmUqOITS62byyHcJBEWwk$i/8I/eQMlIMD2L4Oja2veuMZOaftvwyweTHxpzG+tYc=", "last_login": null, "is_superuser": false, "username": "deborah63@example.com", "first_name": "Ronald", "last_name": "Lee", "email": "deborah63@example.com", "is_staff": false, "is_active": true, "date_joined": "2022-06-18T12:57:06.962Z", "groups": [], "user_permissions": []}}, {"model": "auth.user", "fields": {"password": "pbkdf2_sha256$320000$5dN6uuQyOlUIDTXvtOu51S$IYl7Wwb5Kz6vIs+noRTFGyYrHaW7mpohSPEr/R/HNGc=", "last_login": null, "is_superuser": false, "username": "ebond@example.com", "first_name": "Christina", "last_name": "Wilson", "email": "ebond@example.com", "is_staff": false, "is_active": true, "date_joined": "2022-06-18T12:57:07.011Z", "groups": [], "user_permissions": []}}, {"model": "auth.user", "fields": {"password": "pbkdf2_sha256$320000$BhoS84h2JI0Mwr1p2Yxe6v$fq0huw/zbNWj801xU4mr+arZF0zd86fIEucSJQa00jY=", "last_login": null, "is_superuser": false, "username": "caseydaniel@example.com", "first_name": "Stacie", "last_name": "Neal", "email": "caseydaniel@example.com", "is_staff": false, "is_active": true, "date_joined": "2022-06-18T12:57:07.059Z", "groups": [], "user_permissions": []}}, {"model": "auth.user", "fields": {"password": "pbkdf2_sha256$320000$PgkLDyPL3dKe0CizQOOdbQ$nobCPQdrzSbWApqMfXqdX3ymHvdyJAtp4ja1WV3qNTY=", "last_login": null, "is_superuser": false, "username": "wisedaniel@example.net", "first_name": "Bryan", "last_name": "Lopez", "email": "wisedaniel@example.net", "is_staff": false, "is_active": true, "date_joined": "2022-06-18T12:57:07.109Z", "groups": [], "user_permissions": []}}, {"model": "auth.user", "fields": {"password": "pbkdf2_sha256$320000$BnSImozwFGXl8m6b89ho2K$x2fhpADfzxi0LZAitDx8LH+dVuYk4lJd9kPC5ua/fZY=", "last_login": null, "is_superuser": false, "username": "alyssawells@example.org", "first_name": "Amber", "last_name": "Barber", "email": "alyssawells@example.org", "is_staff": false, "is_active": true, "date_joined": "2022-06-18T12:57:07.157Z", "groups": [], "user_permissions": []}}, {"model": "auth.user", "fields": {"password": "pbkdf2_sha256$320000$8tledwj2bPBbz3uInGW4BS$+aI93sZJNgYtqyHTY7PMvVf773fevBgOiXimC/kuiZk=", "last_login": null, "is_superuser": false, "username": "jacksontony@example.org", "first_name": "Cynthia", "last_name": "Williams", "email": "jacksontony@example.org", "is_staff": false, "is_active": true, "date_joined": "2022-06-18T12:57:07.206Z", "groups": [], "user_permissions": []}}, {"model": "auth.user", "fields": {"password": "pbkdf2_sha256$320000$nYIWLVqg9Lcxw0hJHgN5AL$wkusxFUMHo4u8J2XNidQ+SMgMGHTPAqsHAxQT6ih3UQ=", "last_login": null, "is_superuser": false, "username": "rojaswilliam@example.org", "first_name": "Brenda", "last_name": "Garcia", "email": "rojaswilliam@example.org", "is_staff": false, "is_active": true, "date_joined": "2022-06-18T12:57:07.255Z", "groups": [], "user_permissions": []}}, {"model": "auth.user", "fields": {"password": "pbkdf2_sha256$320000$pxPwYBH9TzHy4EBXHDbw4i$XnDV7AKphnOi22gQMGMvBsByqbNoZ5YkhDvrmi+X0ac=", "last_login": null, "is_superuser": false, "username": "alvarezjeffery@example.net", "first_name": "Marcus", "last_name": "Wise", "email": "alvarezjeffery@example.net", "is_staff": false, "is_active": true, "date_joined": "2022-06-18T12:57:07.303Z", "groups": [], "user_permissions": []}}, {"model": "auth.user", "fields": {"password": "pbkdf2_sha256$320000$tNG07hw7aSLXhYwVdC8SHT$8tzK5XtuWEVDS9YG2Ow2E9zc7wj20bJ3+w7liVKzeZg=", "last_login": null, "is_superuser": false, "username": "michaelconrad@example.net", "first_name": "Brady", "last_name": "Bradford", "email": "michaelconrad@example.net", "is_staff": false, "is_active": true, "date_joined": "2022-06-18T12:57:07.353Z", "groups": [], "user_permissions": []}}, {"model": "auth.user", "fields": {"password": "pbkdf2_sha256$320000$qwgDJiFqHMLVifBJQpapUD$FIqV0FxWTW43s6cwZw5jk0cVPrJ1MwiGJ6ExLti8SjM=", "last_login": null, "is_superuser": false, "username": "anthonysuarez@example.net", "first_name": "Shaun", "last_name": "Tyler", "email": "anthonysuarez@example.net", "is_staff": false, "is_active": true, "date_joined": "2022-06-18T12:57:07.401Z", "groups": [], "user_permissions": []}}, {"model": "auth.user", "fields": {"password": "pbkdf2_sha256$320000$Hl1R0zRBiwzaCJIjDHp0bC$0u/wxJTeEDegCh8y1luBhC3i6iMlPopvxtWwBxIoSMo=", "last_login": null, "is_superuser": false, "username": "lisahobbs@example.org", "first_name": "David", "last_name": "Sanford", "email": "lisahobbs@example.org", "is_staff": false, "is_active": true, "date_joined": "2022-06-18T12:57:07.450Z", "groups": [], "user_permissions": []}}, {"model": "auth.user", "fields": {"password": "pbkdf2_sha256$320000$2Ao8qSda5W7z3YTwapXNsB$S5xAoIuvEgcl0x27sYj5w6zJysA03BsvEQk8z3Q69ng=", "last_login": null, "is_superuser": false, "username": "mhughes@example.org", "first_name": "Jessica", "last_name": "Garcia", "email": "mhughes@example.org", "is_staff": false, "is_active": true, "date_joined": "2022-06-18T12:57:07.498Z", "groups": [], "user_permissions": []}}, {"model": "auth.user", "fields": {"password": "pbkdf2_sha256$320000$LRwI6voaHPmYZOMXKYi3jt$iytABpesckvAZQBVbpXRYoZG8T5X2Q8ZaiKLVIZ4kNo=", "last_login": null, "is_superuser": false, "username": "pfox@example.net", "first_name": "Cody", "last_name": "Forbes", "email": "pfox@example.net", "is_staff": false, "is_active": true, "date_joined": "2022-06-18T12:57:07.547Z", "groups": [], "user_permissions": []}}, {"model": "auth.user", "fields": {"password": "pbkdf2_sha256$320000$LvXB1SF1c4MloDGkc9s6o4$AtD1OtiZ7y17iMkj0cBnkPO6oiiFtfwyVRdZRO853/o=", "last_login": null, "is_superuser": false, "username": "ramirezsonya@example.net", "first_name": "Michael", "last_name": "Snyder", "email": "ramirezsonya@example.net", "is_staff": false, "is_active": true, "date_joined": "2022-06-18T12:57:07.597Z", "groups": [], "user_permissions": []}}, {"model": "auth.user", "fields": {"password": "pbkdf2_sha256$320000$uAEjVWncLfKetguOZnohSl$jw6mflZtLyge1pFsXRzxUPfwm4N0XPIk6ACRrrVMc9Q=", "last_login": null, "is_superuser": false, "username": "mariefoster@example.org", "first_name": "Holly", "last_name": "Owen", "email": "mariefoster@example.org", "is_staff": false, "is_active": true, "date_joined": "2022-06-18T12:57:07.645Z", "groups": [], "user_permissions": []}}, {"model": "auth.user", "fields": {"password": "pbkdf2_sha256$320000$OQ1xsVim51g5xEmvU5GVMW$uhfy/zUtRrQVrWVpnU/t9s7GIvhW3K+2KtdKSdqwL8g=", "last_login": null, "is_superuser": false, "username": "acevedophilip@example.net", "first_name": "Samuel", "last_name": "Hayes", "email": "acevedophilip@example.net", "is_staff": false, "is_active": true, "date_joined": "2022-06-18T12:57:07.694Z", "groups": [], "user_permissions": []}}, {"model": "auth.user", "fields": {"password": "pbkdf2_sha256$320000$VXOdNeYa7pmsxbEv8P28ZG$dUCc65r6nOdw6NCbcUU342cxK2sXM4qVwq2+lBEUdzE=", "last_login": null, "is_superuser": false, "username": "grangel@example.org", "first_name": "Michael", "last_name": "Carrillo", "email": "grangel@example.org", "is_staff": false, "is_active": true, "date_joined": "2022-06-18T12:57:07.743Z", "groups": [], "user_permissions": []}}, {"model": "auth.user", "fields": {"password": "pbkdf2_sha256$320000$Ol3jpVy4wEpYTp3v3kAv0c$0lemyg1+JYkRyxUsenajaB2/hdR09Pv5c812Bg3ib78=", "last_login": null, "is_superuser": false, "username": "salazarbenjamin@example.com", "first_name": "Timothy", "last_name": "Smith", "email": "salazarbenjamin@example.com", "is_staff": false, "is_active": true, "date_joined": "2022-06-18T12:57:07.791Z", "groups": [], "user_permissions": []}}, {"model": "auth.user", "fields": {"password": "pbkdf2_sha256$320000$Crvs0mMa0E6y5KWnoi7x10$X+xkN7uobghEUei2SK8AcMXev0k3FOYQXg48HAGvI9g=", "last_login": null, "is_superuser": false, "username": "matthewsjames@example.com", "first_name": "Katie", "last_name": "Flores", "email": "matthewsjames@example.com", "is_staff": false, "is_active": true, "date_joined": "2022-06-18T12:57:07.842Z", "groups": [], "user_permissions": []}}, {"model": "auth.user", "fields": {"password": "pbkdf2_sha256$320000$VK0kgynDLa5Ie07ei2khkZ$hfg4R03g94dJI6hIiAcmhW+y/lPpgISiuoYCKI+BbKE=", "last_login": null, "is_superuser": false, "username": "hcruz@example.org", "first_name": "Mary", "last_name": "Reyes", "email": "hcruz@example.org", "is_staff": false, "is_active": true, "date_joined": "2022-06-18T12:57:07.890Z", "groups": [], "user_permissions": []}}, {"model": "auth.user", "fields": {"password": "pbkdf2_sha256$320000$X3L46RHjwcUDzBwJASZZEN$1SoiFL/e87zEeH8wq6oc44TNkJm0RZrZXUL+/dpREfU=", "last_login": null, "is_superuser": false, "username": "lgeorge@example.com", "first_name": "Kelli", "last_name": "Williams", "email": "lgeorge@example.com", "is_staff": false, "is_active": true, "date_joined": "2022-06-18T12:57:07.939Z", "groups": [], "user_permissions": []}}, {"model": "auth.user", "fields": {"password": "pbkdf2_sha256$320000$DbS1TQMf4HIPAUOoY6v2Kz$w4mcxX1WOX8r1Ksl56rpQVA7EwllBLr8HpFYFgq6Yxc=", "last_login": null, "is_superuser": false, "username": "william50@example.org", "first_name": "Derek", "last_name": "Hughes", "email": "william50@example.org", "is_staff": false, "is_active": true, "date_joined": "2022-06-18T12:57:07.988Z", "groups": [], "user_permissions": []}}, {"model": "auth.user", "fields": {"password": "pbkdf2_sha256$320000$qGaoDOsnJshS68GofJmOx2$dBgEQV1+8tFh8tpRaCOG3djdSnQaHdg+b/KpyI4PKG0=", "last_login": null, "is_superuser": false, "username": "fvelasquez@example.net", "first_name": "Laura", "last_name": "Young", "email": "fvelasquez@example.net", "is_staff": false, "is_active": true, "date_joined": "2022-06-18T12:57:08.036Z", "groups": [], "user_permissions": []}}, {"model": "auth.user", "fields": {"password": "pbkdf2_sha256$320000$M5lf8C8Py9ltjqZutVuC9Z$vXgrJqpj5blbE2CIi+2+9MF6ue3nRxAtSOroWNKwYAI=", "last_login": null, "is_superuser": false, "username": "kcrawford@example.net", "first_name": "Charles", "last_name": "Fox", "email": "kcrawford@example.net", "is_staff": false, "is_active": true, "date_joined": "2022-06-18T12:57:08.086Z", "groups": [], "user_permissions": []}}, {"model": "auth.user", "fields": {"password": "pbkdf2_sha256$320000$esEJQdVuAvGqXjCds8W7yV$5CLX6fllG7vPttNYBtvSVFhMbvY+J9WdE9KAiSvws5w=", "last_login": null, "is_superuser": false, "username": "vlopez@example.com", "first_name": "John", "last_name": "Davis", "email": "vlopez@example.com", "is_staff": false, "is_active": true, "date_joined": "2022-06-18T12:57:08.134Z", "groups": [], "user_permissions": []}}, {"model": "auth.user", "fields": {"password": "pbkdf2_sha256$320000$gnZ6R2JJOZiLbBD5h8O4dq$USK4cHeW3tgXEkPILlnrQAhVl4168zdenqSwkFVKHyM=", "last_login": null, "is_superuser": false, "username": "wesley01@example.org", "first_name": "Robert", "last_name": "Carlson", "email": "wesley01@example.org", "is_staff": false, "is_active": true, "date_joined": "2022-06-18T12:57:08.182Z", "groups": [], "user_permissions": []}}, {"model": "auth.user", "fields": {"password": "pbkdf2_sha256$320000$QfuWXUn79vlW1bFQr2s14n$+C5EL5LJtbMeOE7FSY5M2PmuDUKkIcNyOueaPhH4jqQ=", "last_login": null, "is_superuser": false, "username": "nathaniel48@example.net", "first_name": "Katelyn", "last_name": "Kelly", "email": "nathaniel48@example.net", "is_staff": false, "is_active": true, "date_joined": "2022-06-18T12:57:08.231Z", "groups": [], "user_permissions": []}}, {"model": "auth.user", "fields": {"password": "pbkdf2_sha256$320000$StnMMohIKRDTI0uahPgaOl$SkuE9Wdo0NWR8SGEzIWxfZSTqCX6FC9FWaQaw9EE54E=", "last_login": null, "is_superuser": false, "username": "conniemiller@example.net", "first_name": "Taylor", "last_name": "Prince", "email": "conniemiller@example.net", "is_staff": false, "is_active": true, "date_joined": "2022-06-18T12:57:08.279Z", "groups": [], "user_permissions": []}}, {"model": "auth.user", "fields": {"password": "pbkdf2_sha256$320000$25ok9lqWbgIuqyBb2yWPsj$8ADPTOC7m5yEjKJdEohGu1Bocdoq/dpMJa85KkOoHtM=", "last_login": null, "is_superuser": false, "username": "richard34@example.org", "first_name": "Eric", "last_name": "Miller", "email": "richard34@example.org", "is_staff": false, "is_active": true, "date_joined": "2022-06-18T12:57:08.329Z", "groups": [], "user_permissions": []}}, {"model": "auth.user", "fields": {"password": "pbkdf2_sha256$320000$RzmQz7lsqgrGgFnRwaH7S9$DoPwYq57iSv3DC16edueztcxdWz6yDIQg1AJMcS2C1Q=", "last_login": null, "is_superuser": false, "username": "lanebrian@example.com", "first_name": "Donna", "last_name": "Tate", "email": "lanebrian@example.com", "is_staff": false, "is_active": true, "date_joined": "2022-06-18T12:57:08.378Z", "groups": [], "user_permissions": []}}, {"model": "auth.user", "fields": {"password": "pbkdf2_sha256$320000$Ra7gBYPt86llSwHPJSMIzW$ugKo53+xwV2Ao7BZKOo02ucmiX4JvLnLyF9yzV8sD7c=", "last_login": null, "is_superuser": false, "username": "ethandean@example.com", "first_name": "Corey", "last_name": "Terry", "email": "ethandean@example.com", "is_staff": false, "is_active": true, "date_joined": "2022-06-18T12:57:08.427Z", "groups": [], "user_permissions": []}}, {"model": "auth.user", "fields": {"password": "pbkdf2_sha256$320000$c3yxKfNiQ2pNCVLzG90QOf$8Hcr3mt/SFiU8M18hfA3YhKDmbnpW+IyBqq0zpxRqT0=", "last_login": null, "is_superuser": false, "username": "ryan75@example.com", "first_name": "Ashley", "last_name": "Pearson", "email": "ryan75@example.com", "is_staff": false, "is_active": true, "date_joined": "2022-06-18T12:57:08.476Z", "groups": [], "user_permissions": []}}, {"model": "auth.user", "fields": {"password": "pbkdf2_sha256$320000$Pwk7aPzfCTyaSeGyU6sWAn$zfMvHaFv6r/ZbqdA3ZpmnSW7h/sGK9zpCE56rj5zWxU=", "last_login": null, "is_superuser": false, "username": "davidspence@example.org", "first_name": "Gerald", "last_name": "Powell", "email": "davidspence@example.org", "is_staff": false, "is_active": true, "date_joined": "2022-06-18T12:57:08.524Z", "groups": [], "user_permissions": []}}, {"model": "auth.user", "fields": {"password": "pbkdf2_sha256$320000$HTex2AVcDxU7jpaxN6YjBo$XLdN7kHOlVbqDOXdXo5vlb28rTtlgMIgQEfP5Wk5eZo=", "last_login": null, "is_superuser": false, "username": "amanda85@example.net", "first_name": "Michelle", "last_name": "Harris", "email": "amanda85@example.net", "is_staff": false, "is_active": true, "date_joined": "2022-06-18T12:57:08.574Z", "groups": [], "user_permissions": []}}, {"model": "auth.user", "fields": {"password": "pbkdf2_sha256$320000$fOpvQzV91knncubmQtRq3g$aM8s5Aphvupn9Vh6vmYs3pEE44hMgVC8z9jQJw505J0=", "last_login": null, "is_superuser": false, "username": "hdavis@example.net", "first_name": "John", "last_name": "Wong", "email": "hdavis@example.net", "is_staff": false, "is_active": true, "date_joined": "2022-06-18T12:57:08.623Z", "groups": [], "user_permissions": []}}, {"model": "auth.user", "fields": {"password": "pbkdf2_sha256$320000$kQgXZpXPVDlquJf1WPhHxI$fYUre38BlXpD5IJtkPdrc02Pzh9HvRUUH0shepH1ShA=", "last_login": null, "is_superuser": false, "username": "michaelwest@example.com", "first_name": "James", "last_name": "Wilson", "email": "michaelwest@example.com", "is_staff": false, "is_active": true, "date_joined": "2022-06-18T12:57:08.671Z", "groups": [], "user_permissions": []}}, {"model": "auth.user", "fields": {"password": "pbkdf2_sha256$320000$W9CwychBYhmvZ7m9ERb1xj$lyQ/9KIWW0mn/CJipOQMErPJlbJBom6fpY9G0FzRMs8=", "last_login": null, "is_superuser": false, "username": "ramirezcynthia@example.org", "first_name": "Tyler", "last_name": "Clay", "email": "ramirezcynthia@example.org", "is_staff": false, "is_active": true, "date_joined": "2022-06-18T12:57:08.720Z", "groups": [], "user_permissions": []}}, {"model": "auth.user", "fields": {"password": "pbkdf2_sha256$320000$sykaZxOqvY9wOTCq6DAubF$i7kdmWdObEglMMnJI6rmsB8CGDVTuV2u0Dm6+HQUP50=", "last_login": null, "is_superuser": false, "username": "michellebrown@example.org", "first_name": "Brianna", "last_name": "Johnson", "email": "michellebrown@example.org", "is_staff": false, "is_active": true, "date_joined": "2022-06-18T12:57:08.768Z", "groups": [], "user_permissions": []}}, {"model": "auth.user", "fields": {"password": "pbkdf2_sha256$320000$8WIXgHkFssvgHnIfElB94e$5oEjdf0NxEkbiNJSL5DtwLO2Shr1yIWPVLV63Pt7SxU=", "last_login": null, "is_superuser": false, "username": "crystal16@example.com", "first_name": "Richard", "last_name": "Ferguson", "email": "crystal16@example.com", "is_staff": false, "is_active": true, "date_joined": "2022-06-18T12:57:08.817Z", "groups": [], "user_permissions": []}}, {"model": "auth.user", "fields": {"password": "pbkdf2_sha256$320000$LPEMFcWEEp7F0jD5diDEv2$KR5E4IvKMdffD7mdLQu2tIdWvr05h3uBqE2nyFWmM3o=", "last_login": null, "is_superuser": false, "username": "qedwards@example.net", "first_name": "Nathan", "last_name": "Gonzalez", "email": "qedwards@example.net", "is_staff": false, "is_active": true, "date_joined": "2022-06-18T12:57:08.866Z", "groups": [], "user_permissions": []}}, {"model": "auth.user", "fields": {"password": "pbkdf2_sha256$320000$b0f6lZHvnjAEDdHxyhsP6X$HCFgMyg/SAQrikzNoZ7JPr5PHA6YBB2w864olGvIz1k=", "last_login": null, "is_superuser": false, "username": "MdShamsuzzaman", "first_name": "Md. Shamsuzzaman", "last_name": "", "email": "szaman_409@yahoo.com", "is_staff": true, "is_active": true, "date_joined": "2022-06-18T12:57:08Z", "groups": [["Managers"]], "user_permissions": []}}, {"model": "auth.user", "fields": {"password": "pbkdf2_sha256$320000$ItEuu3E13LfsPm18bNEYPt$m6K5OCzcGbV+2c9T7DNXVJy9qCWH4bBgKvPFQxoPOi0=", "last_login": "2022-09-25T10:00:29.781Z", "is_superuser": false, "username": "mushfiqzaman777@gmail.com", "first_name": "Mushfiq", "last_name": "Zaman", "email": "mushfiqzaman777@gmail.com", "is_staff": false, "is_active": true, "date_joined": "2022-09-06T12:06:40.947Z", "groups": [], "user_permissions": []}}, {"model": "auth.user", "fields": {"password": "pbkdf2_sha256$320000$hO0mxAqTm66tRatsMOuhmA$u5Iwkw+saWkyewQsMF5xds0+hjAotA6lseODnpjzUhs=", "last_login": null, "is_superuser": false, "username": "Md.AminurIslam", "first_name": "Aminur", "last_name": "Islam", "email": "aminurislam.tg@gmail.com", "is_staff": false, "is_active": true, "date_joined": "2022-09-13T18:39:23Z", "groups": [], "user_permissions": []}}, {"model": "auth.user", "fields": {"password": "pbkdf2_sha256$320000$h4spUmAzZyMMHPSyEdFDzx$z8sN7kNkANl8S6LeZ5Dk1WynPltNb+9QUQSBu7MjG5Y=", "last_login": null, "is_superuser": false, "username": "habib13427800@gmail.com", "first_name": "Habibur", "last_name": "Rahman", "email": "habib13427800@gmail.com", "is_staff": false, "is_active": true, "date_joined": "2022-09-13T18:58:24.738Z", "groups": [], "user_permissions": []}}, {"model": "auth.user", "fields": {"password": "pbkdf2_sha256$320000$fp38fosGjMghymtALENWOR$szJyWFB+TJocAxJzH6MPnaoQI1IBD9tbyYMKWewQ+no=", "last_login": null, "is_superuser": false, "username": "mdmilon1ff@gmail.com", "first_name": "Milon", "last_name": "Miah", "email": "mdmilon1ff@gmail.com", "is_staff": false, "is_active": true, "date_joined": "2022-09-13T18:59:30.423Z", "groups": [], "user_permissions": []}}, {"model": "auth.user", "fields": {"password": "pbkdf2_sha256$320000$dh5BvZBeXnzc1ad8AqNVeL$UpXhRk38vIDlBIPbGcg9FPyOTrqZDV2D44W5v7x4bdA=", "last_login": null, "is_superuser": false, "username": "tauhidsuhan40@gmail.com", "first_name": "Tauhidul Islam", "last_name": "Suhan", "email": "tauhidsuhan40@gmail.com", "is_staff": false, "is_active": true, "date_joined": "2022-09-13T19:39:00.482Z", "groups": [], "user_permissions": []}}, {"model": "auth.user", "fields": {"password": "pbkdf2_sha256$320000$lEc4jmf0X5Zc4NhgqaR8W0$HncHdIB1jsHowbtzGbTpwt598rDvHiDDoEe6dJHQWGg=", "last_login": null, "is_superuser": false, "username": "rabindra.cse.brur@gmail.com", "first_name": "Rabirdra Nath", "last_name": "Barman", "email": "rabindra.cse.brur@gmail.com", "is_staff": false, "is_active": true, "date_joined": "2022-09-13T19:50:45.216Z", "groups": [], "user_permissions": []}}, {"model": "auth.user", "fields": {"password": "pbkdf2_sha256$320000$CU8wFc0Ev1pRLSMNmV13ep$byKBGbB49cffbLE39j0WlQo6m37s39DIOMLp3Ak0tLo=", "last_login": null, "is_superuser": false, "username": "sabrinjahansinha@gmail.com", "first_name": "Sabrin Jahan", "last_name": "Sinha", "email": "sabrinjahansinha@gmail.com", "is_staff": false, "is_active": true, "date_joined": "2022-09-13T19:51:33.522Z", "groups": [], "user_permissions": []}}, {"model": "auth.user", "fields": {"password": "pbkdf2_sha256$320000$rAPEgUwFEJ8eLRPdvik5kX$kIEEoJAwrUZ493rg8IPvxmUk93tXFBOCunjuJO/Tmsk=", "last_login": null, "is_superuser": false, "username": "monjirul.munna20@gmail.com", "first_name": "Monjirul Isalam", "last_name": "Munna", "email": "monjirul.munna20@gmail.com", "is_staff": false, "is_active": true, "date_joined": "2022-09-13T19:53:36.283Z", "groups": [], "user_permissions": []}}, {"model": "auth.user", "fields": {"password": "pbkdf2_sha256$320000$tkoFycg7hDOxVsUC5GPxzS$BW9zbJUzafj6BF8zzlegWb0U7dtqKweFG/EX5Ln3HMg=", "last_login": null, "is_superuser": false, "username": "Shahidulislam68114@gmail.com", "first_name": "Shahidul", "last_name": "Islam", "email": "Shahidulislam68114@gmail.com", "is_staff": false, "is_active": true, "date_joined": "2022-09-13T19:58:11.368Z", "groups": [], "user_permissions": []}}, {"model": "auth.user", "fields": {"password": "pbkdf2_sha256$320000$zv6piqTfTrgR0dksrMpXZ2$55w0ucZ+bl9ZyhNhfCpRQJ9ThY6XGZDxJhOPyHABUw8=", "last_login": null, "is_superuser": false, "username": "nahidbaratccr@gmail.com", "first_name": "Nahid Hasan", "last_name": "Barat", "email": "nahidbaratccr@gmail.com", "is_staff": false, "is_active": true, "date_joined": "2022-09-13T20:00:32.243Z", "groups": [], "user_permissions": []}}, {"model": "auth.user", "fields": {"password": "pbkdf2_sha256$320000$e6jjPoTPaCg8PlJjoC63v2$gSvIjtoj/O68sc0Aajm9USGn98w6pI2bslUMEdpvPks=", "last_login": null, "is_superuser": false, "username": "rakib.cse.brur11@gmail.com", "first_name": "Rakibul", "last_name": "Hasan", "email": "rakib.cse.brur11@gmail.com", "is_staff": false, "is_active": true, "date_joined": "2022-09-13T20:05:00.093Z", "groups": [], "user_permissions": []}}, {"model": "auth.user", "fields": {"password": "pbkdf2_sha256$320000$nDT3TYhax6nTgZaZnV7pOz$NY6Z/HUIGnQocPbIAIDL70FgAmKp+DwBEnteidjNTgg=", "last_login": null, "is_superuser": false, "username": "jahidulislam201912@gmail.com", "first_name": "Zahidul", "last_name": "Islam", "email": "jahidulislam201912@gmail.com", "is_staff": false, "is_active": true, "date_joined": "2022-09-13T20:07:24.211Z", "groups": [], "user_permissions": []}}, {"model": "auth.user", "fields": {"password": "pbkdf2_sha256$320000$YMRlBrwX1Z3nr8e5zaIObZ$UNVrtvwX2qulZ8cldjiYkzPdC95+SSGalsAq1WWGggY=", "last_login": null, "is_superuser": false, "username": "nurislam7748@gmail.com", "first_name": "Nur", "last_name": "Islam", "email": "nurislam7748@gmail.com", "is_staff": false, "is_active": true, "date_joined": "2022-09-13T20:17:56.115Z", "groups": [], "user_permissions": []}}, {"model": "auth.user", "fields": {"password": "pbkdf2_sha256$320000$vTEKILK8hJTK4DRoAoXf2w$GXYfYco6oUv9xFY2TFfnHgYLoJhOaGsKTtfsB8T80uM=", "last_login": null, "is_superuser": false, "username": "mstnabilahfarjana@gmail.com", "first_name": "Nabilah", "last_name": "Farzana", "email": "mstnabilahfarjana@gmail.com", "is_staff": false, "is_active": true, "date_joined": "2022-09-13T20:19:25.894Z", "groups": [], "user_permissions": []}}, {"model": "auth.user", "fields": {"password": "pbkdf2_sha256$320000$iCEgRknmOhIs5ljRRL7WnD$VpMdj56QqdBOom3NvEliiE51eL43K0RBmVe64aGtKqs=", "last_login": null, "is_superuser": false, "username": "tanzilahmed678@gmail.com", "first_name": "Tanzil Ahmed", "last_name": "Hemal", "email": "tanzilahmed678@gmail.com", "is_staff": false, "is_active": true, "date_joined": "2022-09-13T20:20:36.496Z", "groups": [], "user_permissions": []}}, {"model": "auth.user", "fields": {"password": "pbkdf2_sha256$320000$4XdNwj13M2QfA4owRh5Lku$Brp64Cf5rNDw6OGTAgEVcUNd8wiDRki+POxS9CcQXfw=", "last_login": null, "is_superuser": false, "username": "fahim6668@gmail.com", "first_name": "Fahim Al", "last_name": "Islam", "email": "fahim6668@gmail.com", "is_staff": false, "is_active": true, "date_joined": "2022-09-13T20:22:29.231Z", "groups": [], "user_permissions": []}}, {"model": "auth.user", "fields": {"password": "pbkdf2_sha256$320000$u8trlsm2z0LKkLasAmgI9G$0/WbD+UM6yqVbkKvQHtWB2RKftgnAUtilJ/MAwH3k7I=", "last_login": null, "is_superuser": false, "username": "shihabahmed2312@gmail.com", "first_name": "Shihab", "last_name": "Ahmed", "email": "shihabahmed2312@gmail.com", "is_staff": false, "is_active": true, "date_joined": "2022-09-13T20:23:31.602Z", "groups": [], "user_permissions": []}}, {"model": "auth.user", "fields": {"password": "pbkdf2_sha256$320000$3IcZyxKDFCkRuqiqeZTppX$sU7A6qKT5rG5Yw8dx3kOaSDP5oaTowc57vm9sdl1zXI=", "last_login": null, "is_superuser": false, "username": "effatjahanafifa@gmail.com", "first_name": "Effat", "last_name": "Jahan", "email": "effatjahanafifa@gmail.com", "is_staff": false, "is_active": true, "date_joined": "2022-09-13T20:28:41.365Z", "groups": [], "user_permissions": []}}, {"model": "auth.user", "fields": {"password": "pbkdf2_sha256$320000$pWrUqOziznhXijGKHADQeA$is6TaP76dZe6uXEnv58MBbyI+heLDgmOMoG4iSFtSSE=", "last_login": null, "is_superuser": false, "username": "abdullaalmamun.cse.brur@gmail.com", "first_name": "Abdullah", "last_name": "Al Mamun", "email": "abdullaalmamun.cse.brur@gmail.com", "is_staff": false, "is_active": true, "date_joined": "2022-09-13T20:34:53.974Z", "groups": [], "user_permissions": []}}, {"model": "auth.user", "fields": {"password": "pbkdf2_sha256$320000$8NGhStIyC894DsnNAvlfOr$C1MkeqQIhunZbtYUwfhdyS4tSAWjyT70jrWf1uWaBfg=", "last_login": null, "is_superuser": false, "username": "afiahfarzanah@gmail.com", "first_name": "Afiah", "last_name": "Farzanah", "email": "afiahfarzanah@gmail.com", "is_staff": false, "is_active": true, "date_joined": "2022-09-13T20:37:15.765Z", "groups": [], "user_permissions": []}}, {"model": "auth.user", "fields": {"password": "pbkdf2_sha256$320000$tWZewp2ZRBrrRoVD42Yia0$2gpgryfuO2SeEp5kPkjxmjgSNXs7zxbD5BL5SL1F7+k=", "last_login": null, "is_superuser": false, "username": "kajal547507@gmail.com", "first_name": "Kajal", "last_name": "Kumar Roy", "email": "kajal547507@gmail.com", "is_staff": false, "is_active": true, "date_joined": "2022-09-23T13:28:32.903Z", "groups": [], "user_permissions": []}}, {"model": "auth.user", "fields": {"password": "pbkdf2_sha256$320000$cw1zoCT7BMraIIgs0D22o3$fWJjwFYEh4EuHpTiRO6JoMWbZHBwR/C24VQwVPCx2Qo=", "last_login": null, "is_superuser": false, "username": "shefaul7457@gmail.com", "first_name": "Md. Shefaul", "last_name": "Karim", "email": "shefaul7457@gmail.com", "is_staff": false, "is_active": true, "date_joined": "2022-09-23T13:29:54.499Z", "groups": [], "user_permissions": []}}, {"model": "auth.user", "fields": {"password": "pbkdf2_sha256$320000$1Q66rPquFggIwHy4BTjeUS$uiYxzOJuy5/+q4dlPjPdnpMm/HXMdgUAHFNLRf+1zMA=", "last_login": null, "is_superuser": false, "username": "rsrafirahman@gmail.com", "first_name": "Rafiur Rahman", "last_name": "Shoishab", "email": "rsrafirahman@gmail.com", "is_staff": false, "is_active": true, "date_joined": "2022-09-23T13:32:28.735Z", "groups": [], "user_permissions": []}}, {"model": "auth.user", "fields": {"password": "pbkdf2_sha256$320000$jmb8iq0nYibp0sRZMxBYnH$FVrvM+6wzkR5qPd8331OrW91Awr21aqjrVGr/+Zf5l4=", "last_login": null, "is_superuser": false, "username": "ezaz.hb@gmail.com", "first_name": "Md. Ezazul", "last_name": "Hakim", "email": "ezaz.hb@gmail.com", "is_staff": false, "is_active": true, "date_joined": "2022-09-23T13:34:12.714Z", "groups": [], "user_permissions": []}}, {"model": "auth.user", "fields": {"password": "pbkdf2_sha256$320000$71MBdyQvd2ZUfqfenwtceI$RS0lRHHRncoGG0y28Jw+vZPKZmYLIP31vMgXV9/Dx0Q=", "last_login": null, "is_superuser": false, "username": "faisalshohagprog@gmail.com", "first_name": "Abu Nayim", "last_name": "Faisal", "email": "faisalshohagprog@gmail.com", "is_staff": false, "is_active": true, "date_joined": "2022-09-23T13:35:33.731Z", "groups": [], "user_permissions": []}}, {"model": "auth.user", "fields": {"password": "pbkdf2_sha256$320000$AzUNJktlhX71dID5WiJSS8$kIJlgdx8amLHaBKxA+Pz5bNdENgeTAmVswikxvNcSsc=", "last_login": null, "is_superuser": false, "username": "alifmia2543cse@gmail.com", "first_name": "Alif", "last_name": "Mia", "email": "alifmia2543cse@gmail.com", "is_staff": false, "is_active": true, "date_joined": "2022-09-23T13:36:56.459Z", "groups": [], "user_permissions": []}}, {"model": "auth.user", "fields": {"password": "pbkdf2_sha256$320000$Sm0bjcdthLAbAySe5CbCuW$XHkEqwfWwA9Zwr1eKhWasVVzpxYXTsBWjpjfLihAgoo=", "last_login": null, "is_superuser": false, "username": "rhmtrsh@gmail.com", "first_name": "Md.Rahmat", "last_name": "Ali", "email": "rhmtrsh@gmail.com", "is_staff": false, "is_active": true, "date_joined": "2022-09-23T13:38:13.415Z", "groups": [], "user_permissions": []}}, {"model": "auth.user", "fields": {"password": "pbkdf2_sha256$320000$Kkt1EAX8AzFiCZRVZvxyap$qyxzgvaXjIgBPiag4ugby4IQ/BLzu/OXsotLxL5cRn0=", "last_login": null, "is_superuser": false, "username": "atika.yasmin.19@gmail.com", "first_name": "Mst. Atika", "last_name": "Yasmin", "email": "atika.yasmin.19@gmail.com", "is_staff": false, "is_active": true, "date_joined": "2022-09-23T13:39:31.710Z", "groups": [], "user_permissions": []}}, {"model": "auth.user", "fields": {"password": "pbkdf2_sha256$320000$LK7fzKkPBHtLFaEeA2ctzm$NylhwDV+7JPXILl3K8Aq1O781KMfkDxwCITcE/ElM8Y=", "last_login": null, "is_superuser": false, "username": "abdullaalmaruf001@gmail.com", "first_name": "Abdulla Al", "last_name": "Maruf", "email": "abdullaalmaruf001@gmail.com", "is_staff": false, "is_active": true, "date_joined": "2022-09-23T13:43:04.281Z", "groups": [], "user_permissions": []}}, {"model": "auth.user", "fields": {"password": "pbkdf2_sha256$320000$TSwbsjYv2AXQw5Z9ZrW7c6$UIpTz6KtoLKCV8n8L8LMtXAlHGyVoh4ovDLXQiwU0f8=", "last_login": null, "is_superuser": false, "username": "shamimahammadrasel@gmail.com", "first_name": "Shamim Ahammad", "last_name": "Rasel", "email": "shamimahammadrasel@gmail.com", "is_staff": false, "is_active": true, "date_joined": "2022-09-23T13:44:03.895Z", "groups": [], "user_permissions": []}}, {"model": "auth.user", "fields": {"password": "pbkdf2_sha256$320000$hmgDmdFhOrBugNepcF3Al6$3QEF7DPsDt4jfzA2dQIyKPlHDUj8OFDknBhjy0WXAmk=", "last_login": null, "is_superuser": false, "username": "imrankhan6322431@gmail.com", "first_name": "Imran", "last_name": "Islam", "email": "imrankhan6322431@gmail.com", "is_staff": false, "is_active": true, "date_joined": "2022-09-23T13:45:49.857Z", "groups": [], "user_permissions": []}}, {"model": "auth.user", "fields": {"password": "pbkdf2_sha256$320000$GUhlGuqMiDYA4Ahm97iGQV$Y1HlGY/s3XXIDX4BdRfUhMoHqk40DJcTv0+2WH36YbY=", "last_login": null, "is_superuser": false, "username": "wahidahmedshanto@gmail.com", "first_name": "Wahid Ahmed", "last_name": "Shanto", "email": "wahidahmedshanto@gmail.com", "is_staff": false, "is_active": true, "date_joined": "2022-09-23T13:49:21.885Z", "groups": [], "user_permissions": []}}, {"model": "auth.user", "fields": {"password": "pbkdf2_sha256$320000$n4aUJBQaGPKrhcni23KC5h$7ABqJxriOspGG/lCB9JGYUTuCaHwrV2i6/+Amsa1lpI=", "last_login": null, "is_superuser": false, "username": "sakib.cse.11@gmail.com", "first_name": "Shahidul Ahad", "last_name": "Sakib", "email": "sakib.cse.11@gmail.com", "is_staff": false, "is_active": true, "date_joined": "2022-09-23T13:50:24.267Z", "groups": [], "user_permissions": []}}, {"model": "auth.user", "fields": {"password": "pbkdf2_sha256$320000$anV4xPL6c1abh7M0sXev9U$QzpaKAXFIpMfe5fUG2R6YLe6aMCIXI31L5XLtUwYjoI=", "last_login": null, "is_superuser": false, "username": "shohanurnishad@gmail.com", "first_name": "Md Shohanur Islam", "last_name": "Nishad", "email": "shohanurnishad@gmail.com", "is_staff": false, "is_active": true, "date_joined": "2022-09-23T13:52:20.375Z", "groups": [], "user_permissions": []}}, {"model": "auth.user", "fields": {"password": "pbkdf2_sha256$320000$0u4AKjgur0LEju1BcgMdoy$e+d/B4N9InJ6TH0+7E4dmVsF7kkGJgE0PxL4Yz+zTEo=", "last_login": null, "is_superuser": false, "username": "abdullahalasif@gmail.com", "first_name": "Muhammad Abdullah", "last_name": "Al Asif", "email": "abdullahalasif@gmail.com", "is_staff": false, "is_active": true, "date_joined": "2022-09-23T14:08:28.878Z", "groups": [], "user_permissions": []}}, {"model": "auth.user", "fields": {"password": "pbkdf2_sha256$320000$uRbLRMENGwyi0JHKDAiyuE$pig42D2GoSdW07kZ5bQoqlXe4j7+1OtuX3Ev5GkEnrA=", "last_login": null, "is_superuser": false, "username": "sohelranacse11@gmail.com", "first_name": "Md. Sohel", "last_name": "Rana", "email": "sohelranacse11@gmail.com", "is_staff": false, "is_active": true, "date_joined": "2022-09-23T14:10:56.563Z", "groups": [], "user_permissions": []}}, {"model": "auth.user", "fields": {"password": "pbkdf2_sha256$320000$oGH60Zea4jvftFxVeUGPqr$FeKgVv5obZHhAwAvrhFSLjhvRxH9dNosRPFoRfmwcBc=", "last_login": null, "is_superuser": false, "username": "montumhonto826@gmail.com", "first_name": "Montu", "last_name": "Mohonto", "email": "montumhonto826@gmail.com", "is_staff": false, "is_active": true, "date_joined": "2022-09-23T14:14:08.519Z", "groups": [], "user_permissions": []}}, {"model": "auth.user", "fields": {"password": "pbkdf2_sha256$320000$uIAdRTLATips1ZJIMEWr2M$Nob70/Ju5J4mfwhC6QJH/Msf4cjV6Qzf0djEo4LNmhY=", "last_login": null, "is_superuser": false, "username": "fariasabrin200@gmail.com", "first_name": "Faria Sabrin", "last_name": "Jui", "email": "fariasabrin200@gmail.com", "is_staff": false, "is_active": true, "date_joined": "2022-09-23T14:15:27.781Z", "groups": [], "user_permissions": []}}, {"model": "auth.user", "fields": {"password": "pbkdf2_sha256$320000$bdM3N9BPQgokL0iBFjqRUj$yGqdHFNsrZg8T4CwGUqR134wvqVuV8WQFhc0UX62kBY=", "last_login": null, "is_superuser": false, "username": "emtiaz2220@gmail.com", "first_name": "Emtiaz Ahmed", "last_name": "Babu", "email": "emtiaz2220@gmail.com", "is_staff": false, "is_active": true, "date_joined": "2022-09-23T14:17:18.010Z", "groups": [], "user_permissions": []}}, {"model": "auth.user", "fields": {"password": "pbkdf2_sha256$320000$3NftGDteXt5S0XrmNCUlPT$Ycs+bjsOglD3iamYjKwnNbui8E3Yb766jUVUm+vNj7g=", "last_login": null, "is_superuser": false, "username": "polash.sahel@gmail.com", "first_name": "Piarujjaman", "last_name": "Polash", "email": "polash.sahel@gmail.com", "is_staff": false, "is_active": true, "date_joined": "2022-09-23T14:58:30.215Z", "groups": [], "user_permissions": []}}, {"model": "auth.user", "fields": {"password": "pbkdf2_sha256$320000$ohrpgxVcQ6MsrfPuQlS6n3$YeYjmwCe9E4MT8V/BUqlqSEkqyKKrH86e7LIz2sSVb4=", "last_login": null, "is_superuser": false, "username": "raisajannatanu17@gmail.com", "first_name": "Raisa jannat", "last_name": "Anonna", "email": "raisajannatanu17@gmail.com", "is_staff": false, "is_active": true, "date_joined": "2022-09-23T14:59:22.586Z", "groups": [], "user_permissions": []}}, {"model": "auth.user", "fields": {"password": "pbkdf2_sha256$320000$A5zHbeEX33lufSBgklbzcB$5lXit2dmSgcMSJo+beU/jC5GwmRj/4b7La/4fPgBAjM=", "last_login": null, "is_superuser": false, "username": "sirsarmin855@gmail.com", "first_name": "Sarmin", "last_name": "Akter", "email": "sirsarmin855@gmail.com", "is_staff": false, "is_active": true, "date_joined": "2022-09-23T15:01:24.140Z", "groups": [], "user_permissions": []}}, {"model": "auth.user", "fields": {"password": "pbkdf2_sha256$320000$desdnWcYXXXV8HWNGU2v33$OoEuMhvEkgsdD2uidoQ+SCL2+mghS36Nk7kDEZRl/Xs=", "last_login": null, "is_superuser": false, "username": "tonmoyroy5885@gmail.com", "first_name": "Tonmoy", "last_name": "Kumar Roy", "email": "tonmoyroy5885@gmail.com", "is_staff": false, "is_active": true, "date_joined": "2022-09-23T15:02:20.606Z", "groups": [], "user_permissions": []}}, {"model": "auth.user", "fields": {"password": "pbkdf2_sha256$320000$0PAq5VSOz6qFgeqzwwTEGl$RGz+o1bmh60lx70X85PnY/zKq2R+oiRyvONOho/ceQw=", "last_login": null, "is_superuser": false, "username": "farid_ru@yahoo.com", "first_name": "Prof.Dr. Abu Kalam", "last_name": "Md. Farid Ul Islam", "email": "farid_ru@yahoo.com", "is_staff": false, "is_active": true, "date_joined": "2022-09-24T18:06:35.847Z", "groups": [], "user_permissions": []}}, {"model": "auth.user", "fields": {"password": "pbkdf2_sha256$320000$vpCp6dvAyfldk90PY3BWC1$/TkQsAWuraO3bVomRwzDm9rPcDsA4F4Z00t3wdVk4xQ=", "last_login": null, "is_superuser": false, "username": "mizan@brur.ac.bd", "first_name": "Dr. Md. Mizanur", "last_name": "Rahoman", "email": "mizan@brur.ac.bd", "is_staff": false, "is_active": true, "date_joined": "2022-09-24T18:11:07.306Z", "groups": [], "user_permissions": []}}, {"model": "auth.user", "fields": {"password": "pbkdf2_sha256$320000$iqrKLzJO5OhfjLQRaobh8S$joMYBl+TFbuMzorjGfmZtrFHxXjqGXeksVLzYMvmSyw=", "last_login": null, "is_superuser": false, "username": "ileas@gmail.com", "first_name": "Dr. Md. Ileas Pramanik", "last_name": "Pramanik", "email": "ileas@gmail.com", "is_staff": false, "is_active": true, "date_joined": "2022-09-24T18:23:45.931Z", "groups": [], "user_permissions": []}}, {"model": "auth.user", "fields": {"password": "pbkdf2_sha256$320000$LjBaNcENECx6AKZ69Cd1cK$YLShsT2+y1i+bKGPOYXqq5e4j3KTciMy59oUvEcLG5Q=", "last_login": null, "is_superuser": false, "username": "prodip@brur.ac.bd", "first_name": "Prodip Kumar", "last_name": "Sarkar", "email": "prodip@brur.ac.bd", "is_staff": false, "is_active": true, "date_joined": "2022-09-24T18:24:42.125Z", "groups": [], "user_permissions": []}}, {"model": "auth.user", "fields": {"password": "pbkdf2_sha256$320000$u8wGExJuig0oT4BjdC1E4D$68P281DNv7e7Yb8lp91+PkuBc4NdRdwZoTy7MBNz+Fw=", "last_login": null, "is_superuser": false, "username": "akazadth@gmail.com", "first_name": "Md. Abul Kalam", "last_name": "Azad", "email": "akazadth@gmail.com", "is_staff": false, "is_active": true, "date_joined": "2022-09-24T18:27:00.578Z", "groups": [], "user_permissions": []}}, {"model": "auth.user", "fields": {"password": "pbkdf2_sha256$320000$UR9rFa4uAxsZT4IRGYgHBq$m8HN1OL2zS+6JoJ98P+HMutxW14Fi9Sc0cG6dHI/9HY=", "last_login": null, "is_superuser": false, "username": "sanjoy@brur.ac.bd", "first_name": "Sanjoy Kumar", "last_name": "Saha", "email": "sanjoy@brur.ac.bd", "is_staff": false, "is_active": true, "date_joined": "2022-09-24T18:29:42.843Z", "groups": [], "user_permissions": []}}, {"model": "auth.user", "fields": {"password": "pbkdf2_sha256$320000$l7MQh323tKL7YYUH1PaPou$7Ow91PJ4najURUCk4z2SC+z4em5lW8wnIWLqQhlq7S0=", "last_login": null, "is_superuser": false, "username": "cse.zasim@gmail.com", "first_name": "Md. Zasim", "last_name": "Uddin", "email": "cse.zasim@gmail.com", "is_staff": false, "is_active": true, "date_joined": "2022-09-24T18:30:31.241Z", "groups": [], "user_permissions": []}}, {"model": "auth.user", "fields": {"password": "pbkdf2_sha256$320000$VePr3OYWaMUeLrPc4zsMHt$EBW1dMjFyYeQAZAE0A9d1gz2JomrevhzKvg4y7fxpzg=", "last_login": null, "is_superuser": false, "username": "marjia.brur.cse@gmail.com", "first_name": "Marzia", "last_name": "Sultana", "email": "marjia.brur.cse@gmail.com", "is_staff": false, "is_active": true, "date_joined": "2022-09-24T18:31:16.474Z", "groups": [], "user_permissions": []}}, {"model": "sessions.session", "pk": "0x1gywqv1lw1rlridaaakt1uwpf8crsl", "fields": {"session_data": ".eJxVjEEOwiAQRe_C2hCgDKUu3fcMZBimUjWQlHZlvLtt0oVu_3vvv0XAbc1ha7yEOYmr0ODE5XeNSE8uB0oPLPcqqZZ1maM8FHnSJsea-HU73b-DjC3vNTBHR13vFEECN3hPynQGfexQTTyBtRE9gmXyUdOu6gRkemUH9FZb8fkCN7s4NQ:1oT7Tk:jBdIS5tfM4vMWuNgRZzoskBuGnfru7sl2ttDawhoamU", "expire_date": "2022-09-13T20:04:56.689Z"}}, {"model": "sessions.session", "pk": "433mj867ni59tt756k38ku5yn4h0rr9l", "fields": {"session_data": ".eJxVjEEOwiAQRe_C2hCwUMCl-56BDDODVA0kpV0Z765NutDtf-_9l4iwrSVunZc4k7gILU6_WwJ8cN0B3aHemsRW12VOclfkQbucGvHzerh_BwV6-dY2WA7kR6uz0k6nTKiQBzCDQxVYk0ejlKPEmBOceTQAacCAxhj0Nov3B_HiOLo:1ocOUl:y3P12AfIhXjJ4DdQ2EGDB1mF4BZt_Cr2wNeXgvcjNOQ", "expire_date": "2022-10-09T10:04:19.640Z"}}, {"model": "sessions.session", "pk": "6nt5e780iw5tdwqlnfk7vc4x0jnlo0af", "fields": {"session_data": ".eJxVjDsOgzAQRO_iOrIWf7BJmZ4zWLv2EpNEtoShinL3gESRdKN5b-YtAm5rDlvjJcxJXEUnLr8dYXxyOUB6YLlXGWtZl5nkociTNjnWxK_b6f4dZGx5X_uBtINJW7IeIiubOAJMxiSrPfc8ONsppS04Qs0Ae0SjvSLlkkffi88Xx6I22g:1o2Y0w:zfCKN2ZW5mb4L_Bbj5cN_Xk8VW4wgo7nzjI_lpLAdC0", "expire_date": "2022-07-02T12:57:22.836Z"}}, {"model": "sessions.session", "pk": "7a54ahko58ch9r6jdyw9uzdt665b0k3w", "fields": {"session_data": ".eJxVjEEOwiAQRe_C2hAYCHRcuvcMhGFAqgaS0q6Md9cmXej2v_f-S4S4rTVsIy9hZnEWWpx-N4rpkdsO-B7brcvU27rMJHdFHnTIa-f8vBzu30GNo35rh84765SCVOxUFFkqRMVpmBB1ttbnAqQVs2FWYLxmymgQfASEguL9Ac93N3w:1oTHYj:Ryk43rf5ER1K2Ssk2GuTgnmQPc548-fW5Sl5VizxVkw", "expire_date": "2022-09-14T06:50:45.908Z"}}, {"model": "sessions.session", "pk": "k61r43mvo2ew4j1hbrr0098r2tps9i90", "fields": {"session_data": ".eJxVjDsOwjAQBe_iGll2gn-U9DmDtd5d4wCypTipEHeHSCmgfTPzXiLCtpa4dV7iTOIizqM4_Y4J8MF1J3SHemsSW12XOcldkQftcmrEz-vh_h0U6OVbg_KkdVCYlXKegUFrZotGj9lhIHDWeLIDumxUzpacCiaRNc4MI1oU7w8Ttzg_:1o2Y17:dRCQRFbkDwrXWPdLn6IdiwoZ2SzW7lkuHEpxiIQ0CjA", "expire_date": "2022-07-02T12:57:33.543Z"}}, {"model": "sessions.session", "pk": "oij7gjfwbwf16tvmciy0x9x56y8lgcuc", "fields": {"session_data": ".eJxVjEEOwiAQRe_C2hAYCHRcuvcMhGFAqgaS0q6Md9cmXej2v_f-S4S4rTVsIy9hZnEWWpx-N4rpkdsO-B7brcvU27rMJHdFHnTIa-f8vBzu30GNo35rh84765SCVOxUFFkqRMVpmBB1ttbnAqQVs2FWYLxmymgQfASEguL9Ac93N3w:1oT7v1:iFU_-wSmvW2EPKWB3GvFfKQ4ljLTdMJnF05kRuCa3NQ", "expire_date": "2022-09-13T20:33:07.945Z"}}, {"model": "sessions.session", "pk": "qygn49p7n0hov0bvmlsw2bbihmrjj0m2", "fields": {"session_data": ".eJxVjDsOgzAQRO_iOrIWf7BJmZ4zWLv2EpNEtoShinL3gESRdKN5b-YtAm5rDlvjJcxJXEUnLr8dYXxyOUB6YLlXGWtZl5nkociTNjnWxK_b6f4dZGx5X_uBtINJW7IeIiubOAJMxiSrPfc8ONsppS04Qs0Ae0SjvSLlkkffi88Xx6I22g:1o3Cwn:cxnWCGAgKRuaAw6MA0K91PMo2NSzE4W4y3sz1wIFSLM", "expire_date": "2022-07-04T08:39:49.328Z"}}, {"model": "sessions.session", "pk": "y8wiz2otg1jc76qbxkak7uctigvs70no", "fields": {"session_data": ".eJxVjEEOwiAQRe_C2hAYCHRcuvcMhGFAqgaS0q6Md9cmXej2v_f-S4S4rTVsIy9hZnEWWpx-N4rpkdsO-B7brcvU27rMJHdFHnTIa-f8vBzu30GNo35rh84765SCVOxUFFkqRMVpmBB1ttbnAqQVs2FWYLxmymgQfASEguL9Ac93N3w:1oT7Ta:gnmD5JyxDi23Hr4f76zI0_QQSyzrkubluUrc59ytAfM", "expire_date": "2022-09-13T20:04:46.783Z"}}, {"model": "sports.department", "pk": 1, "fields": {"name": "Williams Ltd"}}, {"model": "sports.department", "pk": 2, "fields": {"name": "Howe-Hunter"}}, {"model": "sports.department", "pk": 3, "fields": {"name": "Moore-Gay"}}, {"model": "sports.department", "pk": 4, "fields": {"name": "Jones, Johnson and Wagner"}}, {"model": "sports.department", "pk": 5, "fields": {"name": "Computer Science and Engineering"}}, {"model": "sports.department", "pk": 6, "fields": {"name": "Gates-Chen"}}, {"model": "sports.department", "pk": 7, "fields": {"name": "Hayes-Haynes"}}, {"model": "sports.department", "pk": 8, "fields": {"name": "Simon, Dean and Patel"}}, {"model": "sports.department", "pk": 9, "fields": {"name": "Bell, Bruce and Davis"}}, {"model": "sports.department", "pk": 10, "fields": {"name": "Castillo, Knapp and Jones"}}, {"model": "sports.department", "pk": 11, "fields": {"name": "Carson LLC"}}, {"model": "sports.department", "pk": 12, "fields": {"name": "Thomas, Davis and Johns"}}, {"model": "sports.department", "pk": 13, "fields": {"name": "Douglas-Hughes"}}, {"model": "sports.department", "pk": 14, "fields": {"name": "Guerrero-Davis"}}, {"model": "sports.department", "pk": 15, "fields": {"name": "Anderson Ltd"}}, {"model": "sports.department", "pk": 16, "fields": {"name": "Morrison-Hurst"}}, {"model": "sports.department", "pk": 17, "fields": {"name": "Ramirez Inc"}}, {"model": "sports.department", "pk": 18, "fields": {"name": "Henson, Hurley and Kim"}}, {"model": "sports.department", "pk": 19, "fields": {"name": "Foster LLC"}}, {"model": "sports.department", "pk": 20, "fields": {"name": "Rogers and Sons"}}, {"model": "sports.student", "pk": 1, "fields": {"profile": 6, "student_id": "ST53247407", "student_reg": "RG2378277716541", "department": 12}}, {"model": "sports.student", "pk": 2, "fields": {"profile": 7, "student_id": "ST67925704", "student_reg": "RG0060979632565", "department": 11}}, {"model": "sports.student", "pk": 3, "fields": {"profile": 8, "student_id": "ST32103595", "student_reg": "RG6511845682312", "department": 10}}, {"model": "sports.student", "pk": 4, "fields": {"profile": 9, "student_id": "ST29725892", "student_reg": "RG4421746899325", "department": 8}}, {"model": "sports.student", "pk": 5, "fields": {"profile": 10, "student_id": "ST30198548", "student_reg": "RG1798605037871", "department": 15}}, {"model": "sports.student", "pk": 6, "fields": {"profile": 11, "student_id": "ST12208371", "student_reg": "RG8239791406421", "department": 12}}, {"model": "sports.student", "pk": 7, "fields": {"profile": 12, "student_id": "ST68283285", "student_reg": "RG6866228917322", "department": 12}}, {"model": "sports.student", "pk": 8, "fields": {"profile": 13, "student_id": "ST64815527", "student_reg": "RG1691799809883", "department": 12}}, {"model": "sports.student", "pk": 9, "fields": {"profile": 14, "student_id": "ST52635106", "student_reg": "RG8076968720832", "department": 6}}, {"model": "sports.student", "pk": 10, "fields": {"profile": 15, "student_id": "ST85414310", "student_reg": "RG1300358045487", "department": 16}}, {"model": "sports.student", "pk": 11, "fields": {"profile": 16, "student_id": "ST89538463", "student_reg": "RG7180718399641", "department": 20}}, {"model": "sports.student", "pk": 12, "fields": {"profile": 17, "student_id": "ST43018406", "student_reg": "RG4444162991503", "department": 7}}, {"model": "sports.student", "pk": 13, "fields": {"profile": 18, "student_id": "ST15337078", "student_reg": "RG6327200028424", "department": 1}}, {"model": "sports.student", "pk": 14, "fields": {"profile": 19, "student_id": "ST80056867", "student_reg": "RG9424950798199", "department": 4}}, {"model": "sports.student", "pk": 15, "fields": {"profile": 20, "student_id": "ST29548231", "student_reg": "RG9513185236573", "department": 3}}, {"model": "sports.student", "pk": 16, "fields": {"profile": 21, "student_id": "ST63139457", "student_reg": "RG6526852602390", "department": 16}}, {"model": "sports.student", "pk": 17, "fields": {"profile": 22, "student_id": "ST16370098", "student_reg": "RG6896298932758", "department": 8}}, {"model": "sports.student", "pk": 18, "fields": {"profile": 23, "student_id": "ST09330528", "student_reg": "RG0854155632742", "department": 15}}, {"model": "sports.student", "pk": 19, "fields": {"profile": 24, "student_id": "ST68738259", "student_reg": "RG6520171708535", "department": 10}}, {"model": "sports.student", "pk": 20, "fields": {"profile": 25, "student_id": "ST94177091", "student_reg": "RG3786074437993", "department": 7}}, {"model": "sports.student", "pk": 21, "fields": {"profile": 26, "student_id": "ST85894464", "student_reg": "RG9384496731794", "department": 3}}, {"model": "sports.student", "pk": 22, "fields": {"profile": 27, "student_id": "ST32928600", "student_reg": "RG7971538583835", "department": 16}}, {"model": "sports.student", "pk": 23, "fields": {"profile": 28, "student_id": "ST22791900", "student_reg": "RG3406331746148", "department": 10}}, {"model": "sports.student", "pk": 24, "fields": {"profile": 29, "student_id": "ST57752570", "student_reg": "RG4445990403091", "department": 9}}, {"model": "sports.student", "pk": 25, "fields": {"profile": 30, "student_id": "ST57923321", "student_reg": "RG0607082935970", "department": 1}}, {"model": "sports.student", "pk": 26, "fields": {"profile": 31, "student_id": "ST05798117", "student_reg": "RG0622513273971", "department": 3}}, {"model": "sports.student", "pk": 27, "fields": {"profile": 32, "student_id": "ST38844898", "student_reg": "RG8481089907893", "department": 14}}, {"model": "sports.student", "pk": 28, "fields": {"profile": 33, "student_id": "ST97283102", "student_reg": "RG1262643121309", "department": 9}}, {"model": "sports.student", "pk": 29, "fields": {"profile": 34, "student_id": "ST47701373", "student_reg": "RG6958749379854", "department": 7}}, {"model": "sports.student", "pk": 30, "fields": {"profile": 35, "student_id": "ST72078594", "student_reg": "RG3481036827774", "department": 8}}, {"model": "sports.student", "pk": 31, "fields": {"profile": 36, "student_id": "ST98722600", "student_reg": "RG2508428670334", "department": 18}}, {"model": "sports.student", "pk": 32, "fields": {"profile": 37, "student_id": "ST12278008", "student_reg": "RG6469208599794", "department": 2}}, {"model": "sports.student", "pk": 33, "fields": {"profile": 38, "student_id": "ST85160637", "student_reg": "RG8910157270688", "department": 18}}, {"model": "sports.student", "pk": 34, "fields": {"profile": 39, "student_id": "ST27246092", "student_reg": "RG1663499041108", "department": 9}}, {"model": "sports.student", "pk": 35, "fields": {"profile": 40, "student_id": "ST96809730", "student_reg": "RG8535914554995", "department": 3}}, {"model": "sports.student", "pk": 36, "fields": {"profile": 41, "student_id": "ST77344366", "student_reg": "RG4891712794099", "department": 11}}, {"model": "sports.student", "pk": 37, "fields": {"profile": 42, "student_id": "ST53962317", "student_reg": "RG1852104176469", "department": 9}}, {"model": "sports.student", "pk": 38, "fields": {"profile": 43, "student_id": "ST04471622", "student_reg": "RG4801449417741", "department": 15}}, {"model": "sports.student", "pk": 39, "fields": {"profile": 44, "student_id": "ST71729114", "student_reg": "RG9263007742101", "department": 15}}, {"model": "sports.student", "pk": 40, "fields": {"profile": 45, "student_id": "ST33741512", "student_reg": "RG9427867095924", "department": 7}}, {"model": "sports.student", "pk": 41, "fields": {"profile": 46, "student_id": "ST29701728", "student_reg": "RG6356379025705", "department": 3}}, {"model": "sports.student", "pk": 42, "fields": {"profile": 47, "student_id": "ST90810428", "student_reg": "RG1604735296760", "department": 11}}, {"model": "sports.student", "pk": 43, "fields": {"profile": 48, "student_id": "ST17509435", "student_reg": "RG1759189706065", "department": 15}}, {"model": "sports.student", "pk": 44, "fields": {"profile": 49, "student_id": "ST64219530", "student_reg": "RG0191330707155", "department": 12}}, {"model": "sports.student", "pk": 45, "fields": {"profile": 50, "student_id": "ST10117354", "student_reg": "RG3206110829389", "department": 5}}, {"model": "sports.student", "pk": 46, "fields": {"profile": 51, "student_id": "ST11321699", "student_reg": "RG0600904343038", "department": 8}}, {"model": "sports.student", "pk": 47, "fields": {"profile": 52, "student_id": "ST89693469", "student_reg": "RG0625478044457", "department": 9}}, {"model": "sports.student", "pk": 48, "fields": {"profile": 53, "student_id": "ST77529961", "student_reg": "RG1560460736981", "department": 11}}, {"model": "sports.student", "pk": 49, "fields": {"profile": 54, "student_id": "ST29034147", "student_reg": "RG2987675019002", "department": 9}}, {"model": "sports.student", "pk": 50, "fields": {"profile": 55, "student_id": "ST53461476", "student_reg": "RG9568814319288", "department": 18}}, {"model": "sports.student", "pk": 51, "fields": {"profile": 56, "student_id": "ST67623945", "student_reg": "RG9206539054557", "department": 20}}, {"model": "sports.student", "pk": 52, "fields": {"profile": 57, "student_id": "ST36512867", "student_reg": "RG1540928441817", "department": 13}}, {"model": "sports.student", "pk": 53, "fields": {"profile": 58, "student_id": "ST77933638", "student_reg": "RG5585027768393", "department": 14}}, {"model": "sports.student", "pk": 54, "fields": {"profile": 59, "student_id": "ST34255896", "student_reg": "RG2069485847638", "department": 4}}, {"model": "sports.student", "pk": 55, "fields": {"profile": 60, "student_id": "ST97141686", "student_reg": "RG7477201370066", "department": 20}}, {"model": "sports.student", "pk": 56, "fields": {"profile": 61, "student_id": "ST58384053", "student_reg": "RG4309051408299", "department": 19}}, {"model": "sports.student", "pk": 57, "fields": {"profile": 62, "student_id": "ST57754550", "student_reg": "RG2268144720156", "department": 5}}, {"model": "sports.student", "pk": 58, "fields": {"profile": 63, "student_id": "ST56223132", "student_reg": "RG1377333669129", "department": 10}}, {"model": "sports.student", "pk": 59, "fields": {"profile": 64, "student_id": "ST14190094", "student_reg": "RG0662718479938", "department": 15}}, {"model": "sports.student", "pk": 60, "fields": {"profile": 65, "student_id": "ST22304629", "student_reg": "RG4386397558680", "department": 9}}, {"model": "sports.student", "pk": 61, "fields": {"profile": 66, "student_id": "ST95757766", "student_reg": "RG2865942921770", "department": 8}}, {"model": "sports.student", "pk": 62, "fields": {"profile": 67, "student_id": "ST54452206", "student_reg": "RG4011839650652", "department": 5}}, {"model": "sports.student", "pk": 63, "fields": {"profile": 68, "student_id": "ST73787693", "student_reg": "RG2133222871665", "department": 20}}, {"model": "sports.student", "pk": 64, "fields": {"profile": 69, "student_id": "ST76084751", "student_reg": "RG6537126300782", "department": 9}}, {"model": "sports.student", "pk": 65, "fields": {"profile": 70, "student_id": "ST65594902", "student_reg": "RG6953301113839", "department": 3}}, {"model": "sports.student", "pk": 66, "fields": {"profile": 71, "student_id": "ST52599699", "student_reg": "RG8913160829140", "department": 12}}, {"model": "sports.student", "pk": 67, "fields": {"profile": 72, "student_id": "ST37121662", "student_reg": "RG9264628705032", "department": 11}}, {"model": "sports.student", "pk": 68, "fields": {"profile": 73, "student_id": "ST75882433", "student_reg": "RG7024311924131", "department": 20}}, {"model": "sports.student", "pk": 69, "fields": {"profile": 74, "student_id": "ST18230048", "student_reg": "RG0053454472398", "department": 4}}, {"model": "sports.student", "pk": 70, "fields": {"profile": 75, "student_id": "ST72434437", "student_reg": "RG3608006663396", "department": 13}}, {"model": "sports.student", "pk": 71, "fields": {"profile": 76, "student_id": "ST53696182", "student_reg": "RG1399632396568", "department": 7}}, {"model": "sports.student", "pk": 72, "fields": {"profile": 77, "student_id": "ST91187307", "student_reg": "RG0176495245322", "department": 20}}, {"model": "sports.student", "pk": 73, "fields": {"profile": 78, "student_id": "ST65596890", "student_reg": "RG3449342643372", "department": 8}}, {"model": "sports.student", "pk": 74, "fields": {"profile": 79, "student_id": "ST74363445", "student_reg": "RG8317236141165", "department": 11}}, {"model": "sports.student", "pk": 75, "fields": {"profile": 80, "student_id": "ST00532068", "student_reg": "RG4208776062499", "department": 6}}, {"model": "sports.student", "pk": 76, "fields": {"profile": 81, "student_id": "ST38170256", "student_reg": "RG7926407798469", "department": 1}}, {"model": "sports.student", "pk": 77, "fields": {"profile": 82, "student_id": "ST58402221", "student_reg": "RG8825952575190", "department": 11}}, {"model": "sports.student", "pk": 78, "fields": {"profile": 83, "student_id": "ST16113916", "student_reg": "RG7952133319005", "department": 1}}, {"model": "sports.student", "pk": 79, "fields": {"profile": 84, "student_id": "ST12473151", "student_reg": "RG5049848266051", "department": 16}}, {"model": "sports.student", "pk": 80, "fields": {"profile": 85, "student_id": "ST03722770", "student_reg": "RG4950259151557", "department": 10}}, {"model": "sports.student", "pk": 81, "fields": {"profile": 86, "student_id": "ST44091132", "student_reg": "RG1550194045695", "department": 3}}, {"model": "sports.student", "pk": 82, "fields": {"profile": 87, "student_id": "ST05881727", "student_reg": "RG0872082018996", "department": 14}}, {"model": "sports.student", "pk": 83, "fields": {"profile": 88, "student_id": "ST65749968", "student_reg": "RG4701337561559", "department": 3}}, {"model": "sports.student", "pk": 84, "fields": {"profile": 89, "student_id": "ST66343738", "student_reg": "RG1391353108161", "department": 18}}, {"model": "sports.student", "pk": 85, "fields": {"profile": 90, "student_id": "ST37705633", "student_reg": "RG4136909681883", "department": 10}}, {"model": "sports.student", "pk": 86, "fields": {"profile": 91, "student_id": "ST41656419", "student_reg": "RG7630097362601", "department": 4}}, {"model": "sports.student", "pk": 87, "fields": {"profile": 92, "student_id": "ST93544627", "student_reg": "RG4613907599896", "department": 16}}, {"model": "sports.student", "pk": 88, "fields": {"profile": 93, "student_id": "ST79007870", "student_reg": "RG8210604489084", "department": 14}}, {"model": "sports.student", "pk": 89, "fields": {"profile": 94, "student_id": "ST38202889", "student_reg": "RG2255068127314", "department": 13}}, {"model": "sports.student", "pk": 90, "fields": {"profile": 95, "student_id": "ST81881116", "student_reg": "RG3388475440079", "department": 14}}, {"model": "sports.student", "pk": 91, "fields": {"profile": 96, "student_id": "ST00317337", "student_reg": "RG7558124814780", "department": 17}}, {"model": "sports.student", "pk": 92, "fields": {"profile": 97, "student_id": "ST61109629", "student_reg": "RG6088652432022", "department": 10}}, {"model": "sports.student", "pk": 93, "fields": {"profile": 98, "student_id": "ST85334946", "student_reg": "RG0248105535427", "department": 16}}, {"model": "sports.student", "pk": 94, "fields": {"profile": 99, "student_id": "ST59233831", "student_reg": "RG9987554605732", "department": 4}}, {"model": "sports.student", "pk": 95, "fields": {"profile": 100, "student_id": "ST52589287", "student_reg": "RG0985273322618", "department": 14}}, {"model": "sports.student", "pk": 96, "fields": {"profile": 101, "student_id": "ST38560910", "student_reg": "RG2035282462732", "department": 1}}, {"model": "sports.student", "pk": 97, "fields": {"profile": 102, "student_id": "ST52815539", "student_reg": "RG9867251880505", "department": 8}}, {"model": "sports.student", "pk": 98, "fields": {"profile": 103, "student_id": "ST13434588", "student_reg": "RG4544411147733", "department": 17}}, {"model": "sports.student", "pk": 99, "fields": {"profile": 104, "student_id": "ST43920143", "student_reg": "RG7872448745200", "department": 11}}, {"model": "sports.student", "pk": 100, "fields": {"profile": 105, "student_id": "ST64979786", "student_reg": "RG0478229872270", "department": 6}}, {"model": "sports.teacher", "pk": 1, "fields": {"profile": 106, "teacher_id": "TC81446964", "department": 7}}, {"model": "sports.teacher", "pk": 2, "fields": {"profile": 107, "teacher_id": "TC50431144", "department": 15}}, {"model": "sports.teacher", "pk": 3, "fields": {"profile": 108, "teacher_id": "TC22862327", "department": 8}}, {"model": "sports.teacher", "pk": 4, "fields": {"profile": 109, "teacher_id": "TC02941677", "department": 6}}, {"model": "sports.teacher", "pk": 5, "fields": {"profile": 110, "teacher_id": "TC93013215", "department": 19}}, {"model": "sports.teacher", "pk": 6, "fields": {"profile": 111, "teacher_id": "TC97814306", "department": 19}}, {"model": "sports.teacher", "pk": 7, "fields": {"profile": 112, "teacher_id": "TC70179606", "department": 11}}, {"model": "sports.teacher", "pk": 8, "fields": {"profile": 113, "teacher_id": "TC11222484", "department": 6}}, {"model": "sports.teacher", "pk": 9, "fields": {"profile": 114, "teacher_id": "TC88088174", "department": 4}}, {"model": "sports.teacher", "pk": 10, "fields": {"profile": 115, "teacher_id": "TC13942236", "department": 5}}, {"model": "sports.teacher", "pk": 11, "fields": {"profile": 116, "teacher_id": "TC42415855", "department": 16}}, {"model": "sports.teacher", "pk": 12, "fields": {"profile": 117, "teacher_id": "TC30357846", "department": 6}}, {"model": "sports.teacher", "pk": 13, "fields": {"profile": 118, "teacher_id": "TC58831700", "department": 10}}, {"model": "sports.teacher", "pk": 14, "fields": {"profile": 119, "teacher_id": "TC93065290", "department": 16}}, {"model": "sports.teacher", "pk": 15, "fields": {"profile": 120, "teacher_id": "TC11382096", "department": 17}}, {"model": "sports.teacher", "pk": 16, "fields": {"profile": 121, "teacher_id": "TC41025710", "department": 15}}, {"model": "sports.teacher", "pk": 17, "fields": {"profile": 122, "teacher_id": "TC85102880", "department": 3}}, {"model": "sports.teacher", "pk": 18, "fields": {"profile": 123, "teacher_id": "TC99410896", "department": 7}}, {"model": "sports.teacher", "pk": 19, "fields": {"profile": 124, "teacher_id": "TC51565046", "department": 12}}, {"model": "sports.teacher", "pk": 20, "fields": {"profile": 125, "teacher_id": "TC19943329", "department": 5}}, {"model": "sports.teacher", "pk": 21, "fields": {"profile": 126, "teacher_id": "TC03419199", "department": 19}}, {"model": "sports.teacher", "pk": 22, "fields": {"profile": 127, "teacher_id": "TC20139773", "department": 5}}, {"model": "sports.teacher", "pk": 23, "fields": {"profile": 128, "teacher_id": "TC64113166", "department": 10}}, {"model": "sports.teacher", "pk": 24, "fields": {"profile": 129, "teacher_id": "TC25824544", "department": 17}}, {"model": "sports.teacher", "pk": 25, "fields": {"profile": 130, "teacher_id": "TC09246447", "department": 9}}, {"model": "sports.teacher", "pk": 26, "fields": {"profile": 131, "teacher_id": "TC87068030", "department": 17}}, {"model": "sports.teacher", "pk": 27, "fields": {"profile": 132, "teacher_id": "TC13261603", "department": 15}}, {"model": "sports.teacher", "pk": 28, "fields": {"profile": 133, "teacher_id": "TC70631890", "department": 3}}, {"model": "sports.teacher", "pk": 29, "fields": {"profile": 134, "teacher_id": "TC96220474", "department": 10}}, {"model": "sports.teacher", "pk": 30, "fields": {"profile": 135, "teacher_id": "TC93173506", "department": 15}}, {"model": "sports.teacher", "pk": 31, "fields": {"profile": 136, "teacher_id": "TC57294582", "department": 9}}, {"model": "sports.teacher", "pk": 32, "fields": {"profile": 137, "teacher_id": "TC56586916", "department": 20}}, {"model": "sports.teacher", "pk": 33, "fields": {"profile": 138, "teacher_id": "TC74476138", "department": 2}}, {"model": "sports.teacher", "pk": 34, "fields": {"profile": 139, "teacher_id": "TC36202997", "department": 2}}, {"model": "sports.teacher", "pk": 35, "fields": {"profile": 140, "teacher_id": "TC55534840", "department": 1}}, {"model": "sports.teacher", "pk": 36, "fields": {"profile": 141, "teacher_id": "TC87396812", "department": 4}}, {"model": "sports.teacher", "pk": 37, "fields": {"profile": 142, "teacher_id": "TC33533544", "department": 1}}, {"model": "sports.teacher", "pk": 38, "fields": {"profile": 143, "teacher_id": "TC98755080", "department": 12}}, {"model": "sports.teacher", "pk": 39, "fields": {"profile": 144, "teacher_id": "TC55031080", "department": 18}}, {"model": "sports.teacher", "pk": 40, "fields": {"profile": 145, "teacher_id": "TC20838713", "department": 18}}, {"model": "sports.teacher", "pk": 41, "fields": {"profile": 146, "teacher_id": "TC21037931", "department": 3}}, {"model": "sports.teacher", "pk": 42, "fields": {"profile": 147, "teacher_id": "TC12067022", "department": 4}}, {"model": "sports.teacher", "pk": 43, "fields": {"profile": 148, "teacher_id": "TC44098896", "department": 1}}, {"model": "sports.teacher", "pk": 44, "fields": {"profile": 149, "teacher_id": "TC78055384", "department": 8}}, {"model": "sports.teacher", "pk": 45, "fields": {"profile": 150, "teacher_id": "TC94986518", "department": 18}}, {"model": "sports.teacher", "pk": 46, "fields": {"profile": 151, "teacher_id": "TC16991859", "department": 3}}, {"model": "sports.teacher", "pk": 47, "fields": {"profile": 152, "teacher_id": "TC03758465", "department": 19}}, {"model": "sports.teacher", "pk": 48, "fields": {"profile": 153, "teacher_id": "TC18218459", "department": 10}}, {"model": "sports.teacher", "pk": 49, "fields": {"profile": 154, "teacher_id": "TC75542306", "department": 5}}, {"model": "sports.teacher", "pk": 50, "fields": {"profile": 155, "teacher_id": "TC53282378", "department": 5}}, {"model": "sports.teacher", "pk": 51, "fields": {"profile": 201, "teacher_id": "2", "department": 5}}, {"model": "sports.player", "pk": 1, "fields": {"profile": 155}}, {"model": "sports.player", "pk": 2, "fields": {"profile": 153}}, {"model": "sports.player", "pk": 3, "fields": {"profile": 20}}, {"model": "sports.player", "pk": 4, "fields": {"profile": 21}}, {"model": "sports.player", "pk": 5, "fields": {"profile": 22}}, {"model": "sports.player", "pk": 6, "fields": {"profile": 23}}, {"model": "sports.player", "pk": 7, "fields": {"profile": 24}}, {"model": "sports.player", "pk": 8, "fields": {"profile": 25}}, {"model": "sports.player", "pk": 9, "fields": {"profile": 26}}, {"model": "sports.player", "pk": 10, "fields": {"profile": 27}}, {"model": "sports.player", "pk": 11, "fields": {"profile": 28}}, {"model": "sports.player", "pk": 12, "fields": {"profile": 29}}, {"model": "sports.player", "pk": 13, "fields": {"profile": 30}}, {"model": "sports.player", "pk": 14, "fields": {"profile": 31}}, {"model": "sports.player", "pk": 15, "fields": {"profile": 32}}, {"model": "sports.player", "pk": 16, "fields": {"profile": 33}}, {"model": "sports.player", "pk": 17, "fields": {"profile": 34}}, {"model": "sports.player", "pk": 18, "fields": {"profile": 35}}, {"model": "sports.player", "pk": 19, "fields": {"profile": 36}}, {"model": "sports.player", "pk": 20, "fields": {"profile": 37}}, {"model": "sports.player", "pk": 21, "fields": {"profile": 38}}, {"model": "sports.player", "pk": 22, "fields": {"profile": 39}}, {"model": "sports.player", "pk": 23, "fields": {"profile": 40}}, {"model": "sports.player", "pk": 24, "fields": {"profile": 41}}, {"model": "sports.player", "pk": 25, "fields": {"profile": 43}}, {"model": "sports.player", "pk": 26, "fields": {"profile": 42}}, {"model": "sports.player", "pk": 27, "fields": {"profile": 44}}, {"model": "sports.player", "pk": 28, "fields": {"profile": 45}}, {"model": "sports.player", "pk": 29, "fields": {"profile": 46}}, {"model": "sports.player", "pk": 30, "fields": {"profile": 47}}, {"model": "sports.player", "pk": 31, "fields": {"profile": 48}}, {"model": "sports.player", "pk": 32, "fields": {"profile": 49}}, {"model": "sports.player", "pk": 33, "fields": {"profile": 50}}, {"model": "sports.player", "pk": 34, "fields": {"profile": 51}}, {"model": "sports.player", "pk": 35, "fields": {"profile": 52}}, {"model": "sports.player", "pk": 36, "fields": {"profile": 53}}, {"model": "sports.player", "pk": 37, "fields": {"profile": 54}}, {"model": "sports.player", "pk": 38, "fields": {"profile": 55}}, {"model": "sports.player", "pk": 39, "fields": {"profile": 56}}, {"model": "sports.player", "pk": 40, "fields": {"profile": 57}}, {"model": "sports.player", "pk": 41, "fields": {"profile": 58}}, {"model": "sports.player", "pk": 42, "fields": {"profile": 59}}, {"model": "sports.player", "pk": 43, "fields": {"profile": 60}}, {"model": "sports.player", "pk": 44, "fields": {"profile": 61}}, {"model": "sports.player", "pk": 45, "fields": {"profile": 62}}, {"model": "sports.player", "pk": 46, "fields": {"profile": 63}}, {"model": "sports.player", "pk": 47, "fields": {"profile": 64}}, {"model": "sports.player", "pk": 48, "fields": {"profile": 65}}, {"model": "sports.player", "pk": 49, "fields": {"profile": 66}}, {"model": "sports.player", "pk": 50, "fields": {"profile": 67}}, {"model": "sports.player", "pk": 51, "fields": {"profile": 68}}, {"model": "sports.player", "pk": 52, "fields": {"profile": 69}}, {"model": "sports.player", "pk": 53, "fields": {"profile": 70}}, {"model": "sports.player", "pk": 54, "fields": {"profile": 71}}, {"model": "sports.player", "pk": 55, "fields": {"profile": 72}}, {"model": "sports.player", "pk": 56, "fields": {"profile": 73}}, {"model": "sports.player", "pk": 57, "fields": {"profile": 74}}, {"model": "sports.player", "pk": 58, "fields": {"profile": 75}}, {"model": "sports.player", "pk": 59, "fields": {"profile": 76}}, {"model": "sports.player", "pk": 60, "fields": {"profile": 77}}, {"model": "sports.player", "pk": 61, "fields": {"profile": 78}}, {"model": "sports.player", "pk": 62, "fields": {"profile": 79}}, {"model": "sports.player", "pk": 63, "fields": {"profile": 80}}, {"model": "sports.event", "pk": 1, "fields": {"by_profile": 156, "name": "BRUR Football Tournament", "starts": "2022-06-27T12:57:08Z", "ends": "2022-07-07T12:57:08Z", "event_type": "OUTDOOR", "image": "uploads/Event/1/2022/8/31/08_09_39.786521_a7d1444e-5360-4adb-8948-bfcd2c320098_BRUR_Foot_8QpNfKr.jpg"}}, {"model": "sports.event", "pk": 2, "fields": {"by_profile": 4, "name": "Ortiz-Hall", "starts": "2022-06-27T12:57:08.964Z", "ends": "2022-07-06T12:57:08.964Z", "event_type": "INDOOR", "image": ""}}, {"model": "sports.event", "pk": 3, "fields": {"by_profile": 5, "name": "Sanchez-Warren", "starts": "2022-06-21T12:57:08.965Z", "ends": "2022-07-03T12:57:08.965Z", "event_type": "OUTDOOR", "image": ""}}, {"model": "sports.event", "pk": 4, "fields": {"by_profile": 1, "name": "Garcia, Russell and Baker", "starts": "2022-06-26T12:57:08.965Z", "ends": "2022-07-07T12:57:08.965Z", "event_type": "INDOOR", "image": ""}}, {"model": "sports.event", "pk": 5, "fields": {"by_profile": 5, "name": "Henderson, Buckley and Parker", "starts": "2022-06-26T12:57:08.966Z", "ends": "2022-07-04T12:57:08.966Z", "event_type": "OUTDOOR", "image": ""}}, {"model": "sports.event", "pk": 6, "fields": {"by_profile": 1, "name": "Vazquez-Harris", "starts": "2022-06-19T12:57:08.966Z", "ends": "2022-07-06T12:57:08.966Z", "event_type": "INDOOR", "image": ""}}, {"model": "sports.event", "pk": 7, "fields": {"by_profile": 5, "name": "Jennings, Nicholson and Moyer", "starts": "2022-06-25T12:57:08.967Z", "ends": "2022-07-07T12:57:08.967Z", "event_type": "INDOOR", "image": ""}}, {"model": "sports.event", "pk": 8, "fields": {"by_profile": 2, "name": "Reed-Saunders", "starts": "2022-06-20T12:57:08.967Z", "ends": "2022-07-06T12:57:08.967Z", "event_type": "OUTDOOR", "image": ""}}, {"model": "sports.event", "pk": 9, "fields": {"by_profile": 2, "name": "Mcclain, Bird and Jackson", "starts": "2022-06-21T12:57:08.968Z", "ends": "2022-07-07T12:57:08.968Z", "event_type": "OUTDOOR", "image": ""}}, {"model": "sports.event", "pk": 10, "fields": {"by_profile": 1, "name": "Thomas, Lee and Jones", "starts": "2022-06-25T12:57:08.968Z", "ends": "2022-07-05T12:57:08.968Z", "event_type": "OUTDOOR", "image": ""}}, {"model": "sports.event", "pk": 11, "fields": {"by_profile": 5, "name": "Gutierrez and Sons", "starts": "2022-06-24T12:57:08.969Z", "ends": "2022-07-03T12:57:08.969Z", "event_type": "OUTDOOR", "image": ""}}, {"model": "sports.event", "pk": 12, "fields": {"by_profile": 1, "name": "Johnson-Patrick", "starts": "2022-06-20T12:57:08.969Z", "ends": "2022-07-03T12:57:08.969Z", "event_type": "OUTDOOR", "image": ""}}, {"model": "sports.event", "pk": 13, "fields": {"by_profile": 4, "name": "Williams-Horton", "starts": "2022-06-27T12:57:08.970Z", "ends": "2022-07-06T12:57:08.970Z", "event_type": "INDOOR", "image": ""}}, {"model": "sports.event", "pk": 14, "fields": {"by_profile": 1, "name": "Glover LLC", "starts": "2022-06-21T12:57:08.970Z", "ends": "2022-07-07T12:57:08.970Z", "event_type": "OUTDOOR", "image": ""}}, {"model": "sports.event", "pk": 15, "fields": {"by_profile": 4, "name": "Turner, Stewart and Sutton", "starts": "2022-06-26T12:57:08.970Z", "ends": "2022-07-03T12:57:08.970Z", "event_type": "INDOOR", "image": ""}}, {"model": "sports.event", "pk": 16, "fields": {"by_profile": 156, "name": "Rios Ltd", "starts": "2022-06-19T12:57:08Z", "ends": "2022-07-04T12:57:08Z", "event_type": "INDOOR", "image": "uploads/Event/16/2022/8/31/05_13_34.113448_e6a1e9f2-3519-4414-b187-1d9f85dd6fe1_Rios_Ltd.jpeg"}}, {"model": "sports.event", "pk": 17, "fields": {"by_profile": 1, "name": "Strickland Group", "starts": "2022-06-22T12:57:08.971Z", "ends": "2022-07-07T12:57:08.971Z", "event_type": "INDOOR", "image": ""}}, {"model": "sports.event", "pk": 18, "fields": {"by_profile": 5, "name": "Ross Ltd", "starts": "2022-06-21T12:57:08.972Z", "ends": "2022-07-03T12:57:08.972Z", "event_type": "OUTDOOR", "image": ""}}, {"model": "sports.event", "pk": 19, "fields": {"by_profile": 2, "name": "Harvey, Ballard and Nicholson", "starts": "2022-06-19T12:57:08.972Z", "ends": "2022-07-06T12:57:08.972Z", "event_type": "OUTDOOR", "image": ""}}, {"model": "sports.event", "pk": 20, "fields": {"by_profile": 3, "name": "Phelps, Jacobs and Manning", "starts": "2022-06-27T12:57:08.973Z", "ends": "2022-07-07T12:57:08.973Z", "event_type": "INDOOR", "image": ""}}, {"model": "sports.event", "pk": 21, "fields": {"by_profile": 4, "name": "Jordan PLC", "starts": "2022-06-25T12:57:08.973Z", "ends": "2022-07-07T12:57:08.973Z", "event_type": "INDOOR", "image": ""}}, {"model": "sports.event", "pk": 22, "fields": {"by_profile": 1, "name": "Bell, Wallace and Bolton", "starts": "2022-06-26T12:57:08.974Z", "ends": "2022-07-04T12:57:08.974Z", "event_type": "INDOOR", "image": ""}}, {"model": "sports.event", "pk": 23, "fields": {"by_profile": 2, "name": "Oliver, Hill and Travis", "starts": "2022-06-23T12:57:08.974Z", "ends": "2022-07-04T12:57:08.974Z", "event_type": "INDOOR", "image": ""}}, {"model": "sports.event", "pk": 24, "fields": {"by_profile": 4, "name": "Haynes Ltd", "starts": "2022-06-23T12:57:08.974Z", "ends": "2022-07-05T12:57:08.974Z", "event_type": "OUTDOOR", "image": ""}}, {"model": "sports.event", "pk": 25, "fields": {"by_profile": 3, "name": "Adams, Taylor and Jennings", "starts": "2022-06-22T12:57:08.975Z", "ends": "2022-07-07T12:57:08.975Z", "event_type": "OUTDOOR", "image": ""}}, {"model": "sports.event", "pk": 26, "fields": {"by_profile": 3, "name": "Gardner Group", "starts": "2022-06-21T12:57:08.975Z", "ends": "2022-07-03T12:57:08.975Z", "event_type": "OUTDOOR", "image": ""}}, {"model": "sports.event", "pk": 27, "fields": {"by_profile": 3, "name": "Allen-Willis", "starts": "2022-06-20T12:57:08.976Z", "ends": "2022-07-04T12:57:08.976Z", "event_type": "OUTDOOR", "image": ""}}, {"model": "sports.event", "pk": 28, "fields": {"by_profile": 5, "name": "Erickson Group", "starts": "2022-06-22T12:57:08.976Z", "ends": "2022-07-03T12:57:08.976Z", "event_type": "OUTDOOR", "image": ""}}, {"model": "sports.event", "pk": 29, "fields": {"by_profile": 4, "name": "Stevens, Reilly and Scott", "starts": "2022-06-22T12:57:08.977Z", "ends": "2022-07-07T12:57:08.977Z", "event_type": "OUTDOOR", "image": ""}}, {"model": "sports.event", "pk": 30, "fields": {"by_profile": 2, "name": "Bailey, Johnson and Rush", "starts": "2022-06-25T12:57:08.977Z", "ends": "2022-07-05T12:57:08.977Z", "event_type": "OUTDOOR", "image": ""}}, {"model": "sports.event", "pk": 31, "fields": {"by_profile": 1, "name": "Diaz, Mcbride and Gomez", "starts": "2022-06-20T12:57:08.977Z", "ends": "2022-07-05T12:57:08.977Z", "event_type": "OUTDOOR", "image": ""}}, {"model": "sports.event", "pk": 32, "fields": {"by_profile": 4, "name": "Turner Ltd", "starts": "2022-06-23T12:57:08.978Z", "ends": "2022-07-04T12:57:08.978Z", "event_type": "INDOOR", "image": ""}}, {"model": "sports.event", "pk": 33, "fields": {"by_profile": 1, "name": "Gross Ltd", "starts": "2022-06-24T12:57:08.978Z", "ends": "2022-07-07T12:57:08.978Z", "event_type": "OUTDOOR", "image": ""}}, {"model": "sports.event", "pk": 34, "fields": {"by_profile": 2, "name": "Schultz, Brennan and Mccullough", "starts": "2022-06-27T12:57:08.979Z", "ends": "2022-07-07T12:57:08.979Z", "event_type": "OUTDOOR", "image": ""}}, {"model": "sports.event", "pk": 35, "fields": {"by_profile": 4, "name": "Flowers Ltd", "starts": "2022-06-21T12:57:08.979Z", "ends": "2022-07-03T12:57:08.979Z", "event_type": "INDOOR", "image": ""}}, {"model": "sports.event", "pk": 36, "fields": {"by_profile": 5, "name": "Bennett, Andrews and Floyd", "starts": "2022-06-23T12:57:08.980Z", "ends": "2022-07-06T12:57:08.980Z", "event_type": "OUTDOOR", "image": ""}}, {"model": "sports.event", "pk": 37, "fields": {"by_profile": 1, "name": "Padilla-Glover", "starts": "2022-06-21T12:57:08.980Z", "ends": "2022-07-06T12:57:08.980Z", "event_type": "INDOOR", "image": ""}}, {"model": "sports.event", "pk": 38, "fields": {"by_profile": 4, "name": "Ferrell PLC", "starts": "2022-06-20T12:57:08.980Z", "ends": "2022-07-03T12:57:08.980Z", "event_type": "OUTDOOR", "image": ""}}, {"model": "sports.event", "pk": 39, "fields": {"by_profile": 5, "name": "Reynolds, Nelson and Carter", "starts": "2022-06-19T12:57:08.981Z", "ends": "2022-07-05T12:57:08.981Z", "event_type": "OUTDOOR", "image": ""}}, {"model": "sports.event", "pk": 40, "fields": {"by_profile": 5, "name": "Morgan Inc", "starts": "2022-06-22T12:57:08.981Z", "ends": "2022-07-04T12:57:08.981Z", "event_type": "INDOOR", "image": ""}}, {"model": "sports.event", "pk": 41, "fields": {"by_profile": 3, "name": "Gomez, Ibarra and Ramirez", "starts": "2022-06-20T12:57:08.982Z", "ends": "2022-07-06T12:57:08.982Z", "event_type": "OUTDOOR", "image": ""}}, {"model": "sports.event", "pk": 42, "fields": {"by_profile": 1, "name": "Holland-Shaw", "starts": "2022-06-27T12:57:08.982Z", "ends": "2022-07-07T12:57:08.982Z", "event_type": "OUTDOOR", "image": ""}}, {"model": "sports.event", "pk": 43, "fields": {"by_profile": 1, "name": "Dominguez, Olson and Phillips", "starts": "2022-06-27T12:57:08.983Z", "ends": "2022-07-05T12:57:08.983Z", "event_type": "OUTDOOR", "image": ""}}, {"model": "sports.event", "pk": 44, "fields": {"by_profile": 5, "name": "Young, Glass and Wall", "starts": "2022-06-27T12:57:08.983Z", "ends": "2022-07-03T12:57:08.983Z", "event_type": "INDOOR", "image": ""}}, {"model": "sports.event", "pk": 45, "fields": {"by_profile": 3, "name": "Mcknight-Cunningham", "starts": "2022-06-20T12:57:08.984Z", "ends": "2022-07-03T12:57:08.984Z", "event_type": "OUTDOOR", "image": ""}}, {"model": "sports.event", "pk": 46, "fields": {"by_profile": 2, "name": "Little, Bowman and Reed", "starts": "2022-06-21T12:57:08.984Z", "ends": "2022-07-07T12:57:08.984Z", "event_type": "INDOOR", "image": ""}}, {"model": "sports.event", "pk": 47, "fields": {"by_profile": 1, "name": "King-Hess", "starts": "2022-06-23T12:57:08.985Z", "ends": "2022-07-05T12:57:08.985Z", "event_type": "INDOOR", "image": ""}}, {"model": "sports.event", "pk": 48, "fields": {"by_profile": 1, "name": "Williams Inc", "starts": "2022-06-21T12:57:08.985Z", "ends": "2022-07-04T12:57:08.985Z", "event_type": "OUTDOOR", "image": ""}}, {"model": "sports.event", "pk": 49, "fields": {"by_profile": 1, "name": "Williams, Mitchell and Hoffman", "starts": "2022-06-20T12:57:08.985Z", "ends": "2022-07-07T12:57:08.985Z", "event_type": "OUTDOOR", "image": ""}}, {"model": "sports.event", "pk": 50, "fields": {"by_profile": 5, "name": "Hardy, Fuller and Wood", "starts": "2022-06-25T12:57:08.986Z", "ends": "2022-07-04T12:57:08.986Z", "event_type": "OUTDOOR", "image": ""}}, {"model": "sports.event", "pk": 51, "fields": {"by_profile": 5, "name": "Hansen and Sons", "starts": "2022-06-23T12:57:08.986Z", "ends": "2022-07-03T12:57:08.986Z", "event_type": "OUTDOOR", "image": ""}}, {"model": "sports.event", "pk": 52, "fields": {"by_profile": 1, "name": "Woodward Group", "starts": "2022-06-25T12:57:08.987Z", "ends": "2022-07-04T12:57:08.987Z", "event_type": "INDOOR", "image": ""}}, {"model": "sports.event", "pk": 53, "fields": {"by_profile": 4, "name": "Reynolds-Cortez", "starts": "2022-06-26T12:57:08.987Z", "ends": "2022-07-05T12:57:08.987Z", "event_type": "INDOOR", "image": ""}}, {"model": "sports.event", "pk": 54, "fields": {"by_profile": 4, "name": "Johnson, Murphy and Warren", "starts": "2022-06-27T12:57:08.988Z", "ends": "2022-07-06T12:57:08.988Z", "event_type": "OUTDOOR", "image": ""}}, {"model": "sports.event", "pk": 55, "fields": {"by_profile": 1, "name": "Bishop, Martinez and Butler", "starts": "2022-06-20T12:57:08.988Z", "ends": "2022-07-07T12:57:08.988Z", "event_type": "INDOOR", "image": ""}}, {"model": "sports.event", "pk": 56, "fields": {"by_profile": 5, "name": "Ferguson-Sanchez", "starts": "2022-06-22T12:57:08.989Z", "ends": "2022-07-05T12:57:08.989Z", "event_type": "INDOOR", "image": ""}}, {"model": "sports.event", "pk": 57, "fields": {"by_profile": 5, "name": "Hickman PLC", "starts": "2022-06-19T12:57:08.989Z", "ends": "2022-07-07T12:57:08.989Z", "event_type": "OUTDOOR", "image": ""}}, {"model": "sports.event", "pk": 58, "fields": {"by_profile": 1, "name": "Castillo-Brown", "starts": "2022-06-20T12:57:08.989Z", "ends": "2022-07-04T12:57:08.989Z", "event_type": "OUTDOOR", "image": ""}}, {"model": "sports.event", "pk": 59, "fields": {"by_profile": 1, "name": "Ramirez-Wade", "starts": "2022-06-19T12:57:08.990Z", "ends": "2022-07-07T12:57:08.990Z", "event_type": "INDOOR", "image": ""}}, {"model": "sports.event", "pk": 60, "fields": {"by_profile": 1, "name": "Burns LLC", "starts": "2022-06-19T12:57:08.990Z", "ends": "2022-07-03T12:57:08.990Z", "event_type": "INDOOR", "image": ""}}, {"model": "sports.event", "pk": 61, "fields": {"by_profile": 2, "name": "Garcia, Henry and Cross", "starts": "2022-06-24T12:57:08.991Z", "ends": "2022-07-06T12:57:08.991Z", "event_type": "INDOOR", "image": ""}}, {"model": "sports.event", "pk": 62, "fields": {"by_profile": 1, "name": "Perez, Robinson and Stanley", "starts": "2022-06-26T12:57:08.991Z", "ends": "2022-07-06T12:57:08.991Z", "event_type": "OUTDOOR", "image": ""}}, {"model": "sports.event", "pk": 63, "fields": {"by_profile": 4, "name": "Hensley, Moore and Moore", "starts": "2022-06-25T12:57:08.992Z", "ends": "2022-07-04T12:57:08.992Z", "event_type": "OUTDOOR", "image": ""}}, {"model": "sports.event", "pk": 64, "fields": {"by_profile": 3, "name": "Rodriguez, Kelly and Elliott", "starts": "2022-06-21T12:57:08.992Z", "ends": "2022-07-05T12:57:08.992Z", "event_type": "OUTDOOR", "image": ""}}, {"model": "sports.event", "pk": 65, "fields": {"by_profile": 1, "name": "Castaneda PLC", "starts": "2022-06-23T12:57:08.993Z", "ends": "2022-07-05T12:57:08.993Z", "event_type": "INDOOR", "image": ""}}, {"model": "sports.event", "pk": 66, "fields": {"by_profile": 2, "name": "Mills Group", "starts": "2022-06-27T12:57:08.993Z", "ends": "2022-07-04T12:57:08.993Z", "event_type": "OUTDOOR", "image": ""}}, {"model": "sports.event", "pk": 67, "fields": {"by_profile": 4, "name": "Johnson, Zavala and Lucas", "starts": "2022-06-26T12:57:08.993Z", "ends": "2022-07-07T12:57:08.993Z", "event_type": "INDOOR", "image": ""}}, {"model": "sports.event", "pk": 68, "fields": {"by_profile": 2, "name": "Newman-Bryant", "starts": "2022-06-23T12:57:08.994Z", "ends": "2022-07-03T12:57:08.994Z", "event_type": "INDOOR", "image": ""}}, {"model": "sports.event", "pk": 69, "fields": {"by_profile": 4, "name": "Cunningham-Orr", "starts": "2022-06-19T12:57:08.994Z", "ends": "2022-07-04T12:57:08.994Z", "event_type": "INDOOR", "image": ""}}, {"model": "sports.event", "pk": 70, "fields": {"by_profile": 3, "name": "Barr-Anderson", "starts": "2022-06-27T12:57:08.995Z", "ends": "2022-07-07T12:57:08.995Z", "event_type": "OUTDOOR", "image": ""}}, {"model": "sports.event", "pk": 71, "fields": {"by_profile": 5, "name": "Lopez, Black and Conley", "starts": "2022-06-26T12:57:08.995Z", "ends": "2022-07-06T12:57:08.995Z", "event_type": "OUTDOOR", "image": ""}}, {"model": "sports.event", "pk": 72, "fields": {"by_profile": 5, "name": "Travis-Cantu", "starts": "2022-06-19T12:57:08.996Z", "ends": "2022-07-03T12:57:08.996Z", "event_type": "INDOOR", "image": ""}}, {"model": "sports.event", "pk": 73, "fields": {"by_profile": 1, "name": "Taylor LLC", "starts": "2022-06-27T12:57:08.996Z", "ends": "2022-07-04T12:57:08.996Z", "event_type": "INDOOR", "image": ""}}, {"model": "sports.event", "pk": 74, "fields": {"by_profile": 4, "name": "Foster Ltd", "starts": "2022-06-27T12:57:08.997Z", "ends": "2022-07-07T12:57:08.997Z", "event_type": "INDOOR", "image": ""}}, {"model": "sports.event", "pk": 75, "fields": {"by_profile": 4, "name": "Shepherd, Ward and Newton", "starts": "2022-06-24T12:57:08.997Z", "ends": "2022-07-05T12:57:08.997Z", "event_type": "INDOOR", "image": ""}}, {"model": "sports.event", "pk": 76, "fields": {"by_profile": 1, "name": "Burton-Ward", "starts": "2022-06-19T12:57:08.997Z", "ends": "2022-07-04T12:57:08.997Z", "event_type": "INDOOR", "image": ""}}, {"model": "sports.event", "pk": 77, "fields": {"by_profile": 3, "name": "Graves, Barker and Thomas", "starts": "2022-06-25T12:57:08.998Z", "ends": "2022-07-06T12:57:08.998Z", "event_type": "INDOOR", "image": ""}}, {"model": "sports.event", "pk": 78, "fields": {"by_profile": 1, "name": "Fisher and Sons", "starts": "2022-06-26T12:57:08.998Z", "ends": "2022-07-06T12:57:08.998Z", "event_type": "OUTDOOR", "image": ""}}, {"model": "sports.event", "pk": 79, "fields": {"by_profile": 1, "name": "Lopez Group", "starts": "2022-06-22T12:57:08.999Z", "ends": "2022-07-04T12:57:08.999Z", "event_type": "INDOOR", "image": ""}}, {"model": "sports.event", "pk": 80, "fields": {"by_profile": 4, "name": "Smith, Williams and Lopez", "starts": "2022-06-24T12:57:08.999Z", "ends": "2022-07-04T12:57:08.999Z", "event_type": "OUTDOOR", "image": ""}}, {"model": "sports.event", "pk": 81, "fields": {"by_profile": 4, "name": "Fry Ltd", "starts": "2022-06-20T12:57:09Z", "ends": "2022-07-04T12:57:09Z", "event_type": "OUTDOOR", "image": ""}}, {"model": "sports.event", "pk": 82, "fields": {"by_profile": 5, "name": "Carson and Sons", "starts": "2022-06-25T12:57:09Z", "ends": "2022-07-06T12:57:09Z", "event_type": "INDOOR", "image": ""}}, {"model": "sports.event", "pk": 83, "fields": {"by_profile": 3, "name": "Allen, Mcknight and Perez", "starts": "2022-06-25T12:57:09.001Z", "ends": "2022-07-04T12:57:09.001Z", "event_type": "OUTDOOR", "image": ""}}, {"model": "sports.event", "pk": 84, "fields": {"by_profile": 5, "name": "Cooper, Sullivan and Ramos", "starts": "2022-06-24T12:57:09.001Z", "ends": "2022-07-06T12:57:09.001Z", "event_type": "INDOOR", "image": ""}}, {"model": "sports.event", "pk": 85, "fields": {"by_profile": 3, "name": "Stevenson-Johnson", "starts": "2022-06-21T12:57:09.001Z", "ends": "2022-07-06T12:57:09.001Z", "event_type": "OUTDOOR", "image": ""}}, {"model": "sports.event", "pk": 86, "fields": {"by_profile": 5, "name": "Wallace, Kennedy and Mcgee", "starts": "2022-06-27T12:57:09.002Z", "ends": "2022-07-06T12:57:09.002Z", "event_type": "OUTDOOR", "image": ""}}, {"model": "sports.event", "pk": 87, "fields": {"by_profile": 4, "name": "Walker-Brown", "starts": "2022-06-23T12:57:09.002Z", "ends": "2022-07-04T12:57:09.002Z", "event_type": "OUTDOOR", "image": ""}}, {"model": "sports.event", "pk": 88, "fields": {"by_profile": 2, "name": "Smith Inc", "starts": "2022-06-22T12:57:09.003Z", "ends": "2022-07-03T12:57:09.003Z", "event_type": "OUTDOOR", "image": ""}}, {"model": "sports.event", "pk": 89, "fields": {"by_profile": 2, "name": "Cook-Smith", "starts": "2022-06-26T12:57:09.003Z", "ends": "2022-07-07T12:57:09.003Z", "event_type": "OUTDOOR", "image": ""}}, {"model": "sports.event", "pk": 90, "fields": {"by_profile": 1, "name": "Rodriguez Inc", "starts": "2022-06-22T12:57:09.004Z", "ends": "2022-07-05T12:57:09.004Z", "event_type": "OUTDOOR", "image": ""}}, {"model": "sports.event", "pk": 91, "fields": {"by_profile": 3, "name": "Kramer, Hendrix and Perkins", "starts": "2022-06-19T12:57:09.004Z", "ends": "2022-07-05T12:57:09.004Z", "event_type": "INDOOR", "image": ""}}, {"model": "sports.event", "pk": 92, "fields": {"by_profile": 2, "name": "Turner, Stone and Flynn", "starts": "2022-06-22T12:57:09.005Z", "ends": "2022-07-03T12:57:09.005Z", "event_type": "INDOOR", "image": ""}}, {"model": "sports.event", "pk": 93, "fields": {"by_profile": 5, "name": "Goodman-Frye", "starts": "2022-06-21T12:57:09.005Z", "ends": "2022-07-04T12:57:09.005Z", "event_type": "OUTDOOR", "image": ""}}, {"model": "sports.event", "pk": 94, "fields": {"by_profile": 3, "name": "Phillips, Santana and Robles", "starts": "2022-06-21T12:57:09.005Z", "ends": "2022-07-05T12:57:09.005Z", "event_type": "OUTDOOR", "image": ""}}, {"model": "sports.event", "pk": 95, "fields": {"by_profile": 1, "name": "Hill Group", "starts": "2022-06-22T12:57:09.006Z", "ends": "2022-07-06T12:57:09.006Z", "event_type": "INDOOR", "image": ""}}, {"model": "sports.event", "pk": 96, "fields": {"by_profile": 1, "name": "Gross Group", "starts": "2022-06-25T12:57:09.006Z", "ends": "2022-07-03T12:57:09.006Z", "event_type": "OUTDOOR", "image": ""}}, {"model": "sports.event", "pk": 97, "fields": {"by_profile": 4, "name": "Knight LLC", "starts": "2022-06-26T12:57:09.007Z", "ends": "2022-07-04T12:57:09.007Z", "event_type": "OUTDOOR", "image": ""}}, {"model": "sports.event", "pk": 98, "fields": {"by_profile": 2, "name": "Mcmillan LLC", "starts": "2022-06-23T12:57:09.007Z", "ends": "2022-07-03T12:57:09.007Z", "event_type": "OUTDOOR", "image": ""}}, {"model": "sports.event", "pk": 99, "fields": {"by_profile": 1, "name": "Lewis LLC", "starts": "2022-06-22T12:57:09.008Z", "ends": "2022-07-06T12:57:09.008Z", "event_type": "OUTDOOR", "image": ""}}, {"model": "sports.event", "pk": 100, "fields": {"by_profile": 1, "name": "Pruitt PLC", "starts": "2022-06-27T12:57:09.008Z", "ends": "2022-07-03T12:57:09.008Z", "event_type": "INDOOR", "image": ""}}, {"model": "sports.event", "pk": 101, "fields": {"by_profile": 156, "name": "BRUR Cricket Tournament", "starts": "2022-08-30T19:13:00Z", "ends": "2022-08-31T19:13:01Z", "event_type": "OUTDOOR", "image": "uploads/Event/101/2022/8/31/08_07_05.162292_fb794e2e-87fb-49a3-af10-c4f59d3759de_BRUR_Cr_MKNGwUk.jpg"}}, {"model": "sports.event", "pk": 102, "fields": {"by_profile": 156, "name": "Annual Sports Fest", "starts": "2022-09-25T10:10:10Z", "ends": "2022-09-26T18:00:00Z", "event_type": "OUTDOOR", "image": "uploads/Event/None/2022/9/25/10_12_16.456845_6c1a31c2-3a7e-4cd2-8d05-2fe162e63f2f_Annual_bg2uTu8.jpg"}}, {"model": "sports.manager", "pk": 1, "fields": {"profile": 155, "event": 101}}, {"model": "sports.manager", "pk": 2, "fields": {"profile": 201, "event": 1}}, {"model": "sports.manager", "pk": 3, "fields": {"profile": 207, "event": 1}}, {"model": "sports.manager", "pk": 4, "fields": {"profile": 206, "event": 102}}, {"model": "sports.group", "pk": 1, "fields": {"name": "Group C", "event": 101}}, {"model": "sports.group", "pk": 2, "fields": {"name": "Group A", "event": 101}}, {"model": "sports.group", "pk": 3, "fields": {"name": "Group B", "event": 101}}, {"model": "sports.group", "pk": 4, "fields": {"name": "Group 1", "event": 102}}, {"model": "sports.group", "pk": 5, "fields": {"name": "Group 2", "event": 102}}, {"model": "sports.group", "pk": 6, "fields": {"name": "Group 3", "event": 102}}, {"model": "sports.team", "pk": 1, "fields": {"group": 1, "name": "The boys"}}, {"model": "sports.team", "pk": 2, "fields": {"group": 2, "name": "Team 1"}}, {"model": "sports.team", "pk": 3, "fields": {"group": 2, "name": "Team 2"}}, {"model": "sports.team", "pk": 4, "fields": {"group": 2, "name": "Team 3"}}, {"model": "sports.team", "pk": 5, "fields": {"group": 2, "name": "Team 4"}}, {"model": "sports.team", "pk": 6, "fields": {"group": 3, "name": "Team 5"}}, {"model": "sports.team", "pk": 7, "fields": {"group": 3, "name": "Team 6"}}, {"model": "sports.team", "pk": 8, "fields": {"group": 3, "name": "Team 7"}}, {"model": "sports.team", "pk": 9, "fields": {"group": 3, "name": "Team 8"}}, {"model": "sports.team", "pk": 10, "fields": {"group": 1, "name": "Team 9"}}, {"model": "sports.team", "pk": 11, "fields": {"group": 1, "name": "Team 10"}}, {"model": "sports.team", "pk": 12, "fields": {"group": 1, "name": "Team 11"}}, {"model": "sports.team", "pk": 13, "fields": {"group": 4, "name": "Team I"}}, {"model": "sports.teamplayer", "pk": 3, "fields": {"team": 12, "player": 20}}, {"model": "sports.teamplayer", "pk": 4, "fields": {"team": 12, "player": 21}}, {"model": "sports.teamplayer", "pk": 5, "fields": {"team": 12, "player": 22}}, {"model": "sports.teamplayer", "pk": 6, "fields": {"team": 12, "player": 23}}, {"model": "sports.teamplayer", "pk": 7, "fields": {"team": 12, "player": 24}}, {"model": "sports.teamplayer", "pk": 8, "fields": {"team": 11, "player": 25}}, {"model": "sports.teamplayer", "pk": 9, "fields": {"team": 11, "player": 26}}, {"model": "sports.teamplayer", "pk": 10, "fields": {"team": 11, "player": 27}}, {"model": "sports.teamplayer", "pk": 11, "fields": {"team": 11, "player": 28}}, {"model": "sports.teamplayer", "pk": 12, "fields": {"team": 11, "player": 29}}, {"model": "sports.teamplayer", "pk": 13, "fields": {"team": 10, "player": 30}}, {"model": "sports.teamplayer", "pk": 14, "fields": {"team": 10, "player": 31}}, {"model": "sports.teamplayer", "pk": 15, "fields": {"team": 10, "player": 32}}, {"model": "sports.teamplayer", "pk": 16, "fields": {"team": 10, "player": 33}}, {"model": "sports.teamplayer", "pk": 17, "fields": {"team": 10, "player": 34}}, {"model": "sports.teamplayer", "pk": 18, "fields": {"team": 9, "player": 35}}, {"model": "sports.teamplayer", "pk": 19, "fields": {"team": 9, "player": 36}}, {"model": "sports.teamplayer", "pk": 20, "fields": {"team": 9, "player": 37}}, {"model": "sports.teamplayer", "pk": 21, "fields": {"team": 9, "player": 38}}, {"model": "sports.teamplayer", "pk": 22, "fields": {"team": 9, "player": 39}}, {"model": "sports.teamplayer", "pk": 23, "fields": {"team": 8, "player": 40}}, {"model": "sports.teamplayer", "pk": 24, "fields": {"team": 8, "player": 41}}, {"model": "sports.teamplayer", "pk": 25, "fields": {"team": 8, "player": 42}}, {"model": "sports.teamplayer", "pk": 26, "fields": {"team": 8, "player": 43}}, {"model": "sports.teamplayer", "pk": 27, "fields": {"team": 8, "player": 44}}, {"model": "sports.teamplayer", "pk": 28, "fields": {"team": 7, "player": 45}}, {"model": "sports.teamplayer", "pk": 29, "fields": {"team": 7, "player": 46}}, {"model": "sports.teamplayer", "pk": 30, "fields": {"team": 7, "player": 47}}, {"model": "sports.teamplayer", "pk": 31, "fields": {"team": 7, "player": 48}}, {"model": "sports.teamplayer", "pk": 32, "fields": {"team": 7, "player": 49}}, {"model": "sports.teamplayer", "pk": 33, "fields": {"team": 6, "player": 50}}, {"model": "sports.teamplayer", "pk": 34, "fields": {"team": 6, "player": 51}}, {"model": "sports.teamplayer", "pk": 35, "fields": {"team": 6, "player": 52}}, {"model": "sports.teamplayer", "pk": 36, "fields": {"team": 6, "player": 53}}, {"model": "sports.teamplayer", "pk": 37, "fields": {"team": 6, "player": 54}}, {"model": "sports.teamplayer", "pk": 38, "fields": {"team": 5, "player": 55}}, {"model": "sports.teamplayer", "pk": 39, "fields": {"team": 5, "player": 56}}, {"model": "sports.teamplayer", "pk": 40, "fields": {"team": 5, "player": 57}}, {"model": "sports.teamplayer", "pk": 41, "fields": {"team": 5, "player": 58}}, {"model": "sports.teamplayer", "pk": 42, "fields": {"team": 5, "player": 59}}, {"model": "sports.teamplayer", "pk": 43, "fields": {"team": 4, "player": 60}}, {"model": "sports.teamplayer", "pk": 44, "fields": {"team": 4, "player": 61}}, {"model": "sports.teamplayer", "pk": 45, "fields": {"team": 4, "player": 62}}, {"model": "sports.teamplayer", "pk": 46, "fields": {"team": 4, "player": 63}}, {"model": "sports.teamplayer", "pk": 47, "fields": {"team": 4, "player": 1}}, {"model": "sports.teamplayer", "pk": 48, "fields": {"team": 3, "player": 2}}, {"model": "sports.teamplayer", "pk": 49, "fields": {"team": 3, "player": 3}}, {"model": "sports.teamplayer", "pk": 50, "fields": {"team": 3, "player": 4}}, {"model": "sports.teamplayer", "pk": 51, "fields": {"team": 3, "player": 5}}, {"model": "sports.teamplayer", "pk": 52, "fields": {"team": 3, "player": 6}}, {"model": "sports.teamplayer", "pk": 53, "fields": {"team": 2, "player": 7}}, {"model": "sports.teamplayer", "pk": 54, "fields": {"team": 2, "player": 8}}, {"model": "sports.teamplayer", "pk": 55, "fields": {"team": 2, "player": 9}}, {"model": "sports.teamplayer", "pk": 56, "fields": {"team": 2, "player": 10}}, {"model": "sports.teamplayer", "pk": 57, "fields": {"team": 2, "player": 11}}, {"model": "sports.teamplayer", "pk": 58, "fields": {"team": 1, "player": 12}}, {"model": "sports.teamplayer", "pk": 59, "fields": {"team": 1, "player": 13}}, {"model": "sports.teamplayer", "pk": 60, "fields": {"team": 1, "player": 14}}, {"model": "sports.teamplayer", "pk": 61, "fields": {"team": 1, "player": 15}}, {"model": "sports.teamplayer", "pk": 62, "fields": {"team": 1, "player": 16}}, {"model": "sports.venue", "pk": 1, "fields": {"name": "BRUR Central Field", "address": "BRUR", "image": "uploads/Venue/1/2022/9/24/19_00_47.537280_39972098-3545-47c6-89dd-87bc7a867cad_BRUR_Cent_nsm7ZlG.jpg"}}, {"model": "sports.match", "pk": 2, "fields": {"name": "Match 1", "event": 101, "venue": 1, "time": "2022-09-01T06:40:25Z", "teams": [2, 3]}}, {"model": "sports.match", "pk": 3, "fields": {"name": "Match 2", "event": 101, "venue": 1, "time": "2022-08-31T06:41:27Z", "teams": [2, 4]}}, {"model": "sports.match", "pk": 4, "fields": {"name": "Match 3", "event": 101, "venue": 1, "time": null, "teams": [2, 5]}}, {"model": "sports.match", "pk": 5, "fields": {"name": "Match 4", "event": 101, "venue": 1, "time": null, "teams": [3, 4]}}, {"model": "sports.match", "pk": 6, "fields": {"name": "Match 5", "event": 101, "venue": 1, "time": null, "teams": [3, 5]}}, {"model": "sports.match", "pk": 7, "fields": {"name": "Match 6", "event": 101, "venue": 1, "time": null, "teams": [4, 5]}}, {"model": "sports.match", "pk": 8, "fields": {"name": "Match 7", "event": 101, "venue": 1, "time": null, "teams": [6, 7]}}, {"model": "sports.match", "pk": 9, "fields": {"name": "Match 8", "event": 101, "venue": 1, "time": null, "teams": [6, 8]}}, {"model": "sports.match", "pk": 10, "fields": {"name": "Match 9", "event": 101, "venue": 1, "time": null, "teams": [6, 9]}}, {"model": "sports.match", "pk": 11, "fields": {"name": "Match 10", "event": 101, "venue": 1, "time": null, "teams": [7, 8]}}, {"model": "sports.match", "pk": 12, "fields": {"name": "Match 11", "event": 101, "venue": 1, "time": null, "teams": [7, 9]}}, {"model": "sports.match", "pk": 13, "fields": {"name": "Match 12", "event": 101, "venue": 1, "time": null, "teams": [8, 9]}}, {"model": "sports.match", "pk": 14, "fields": {"name": "Match 13", "event": 101, "venue": 1, "time": null, "teams": [10, 11]}}, {"model": "sports.match", "pk": 15, "fields": {"name": "Match 14", "event": 101, "venue": 1, "time": null, "teams": [10, 12]}}, {"model": "sports.match", "pk": 16, "fields": {"name": "Match 15", "event": 101, "venue": 1, "time": null, "teams": [1, 10]}}, {"model": "sports.match", "pk": 17, "fields": {"name": "Match 16", "event": 101, "venue": 1, "time": "2022-09-24T18:57:31Z", "teams": [11, 12]}}, {"model": "sports.match", "pk": 18, "fields": {"name": "Match 17", "event": 101, "venue": 1, "time": null, "teams": [1, 11]}}, {"model": "sports.match", "pk": 19, "fields": {"name": "Match 18", "event": 101, "venue": 1, "time": null, "teams": [1, 12]}}, {"model": "sports.standing", "pk": 1, "fields": {"match": 2, "team": 2, "gained_points": 12.0, "has_won": true, "created": "2022-08-31T06:28:30.389Z"}}, {"model": "sports.standing", "pk": 2, "fields": {"match": 2, "team": 3, "gained_points": 11.0, "has_won": false, "created": "2022-08-31T06:32:16.558Z"}}, {"model": "sports.standing", "pk": 3, "fields": {"match": 3, "team": 2, "gained_points": 12.0, "has_won": true, "created": "2022-08-31T07:09:29.563Z"}}, {"model": "sports.standing", "pk": 4, "fields": {"match": 3, "team": 4, "gained_points": 11.0, "has_won": false, "created": "2022-08-31T07:09:42.273Z"}}, {"model": "sports.standing", "pk": 5, "fields": {"match": 4, "team": 2, "gained_points": 24.0, "has_won": true, "created": "2022-08-31T07:12:06.285Z"}}, {"model": "sports.standing", "pk": 6, "fields": {"match": 4, "team": 5, "gained_points": 20.0, "has_won": false, "created": "2022-08-31T07:12:36.721Z"}}, {"model": "sports.standing", "pk": 7, "fields": {"match": 5, "team": 3, "gained_points": 16.0, "has_won": false, "created": "2022-08-31T07:14:14.577Z"}}, {"model": "sports.standing", "pk": 8, "fields": {"match": 5, "team": 4, "gained_points": 19.0, "has_won": true, "created": "2022-08-31T07:14:38.511Z"}}, {"model": "sports.standing", "pk": 9, "fields": {"match": 6, "team": 3, "gained_points": 28.0, "has_won": true, "created": "2022-08-31T07:15:10.760Z"}}, {"model": "sports.standing", "pk": 10, "fields": {"match": 6, "team": 5, "gained_points": 24.0, "has_won": false, "created": "2022-08-31T07:15:21.648Z"}}, {"model": "sports.standing", "pk": 11, "fields": {"match": 7, "team": 4, "gained_points": 21.0, "has_won": true, "created": "2022-08-31T07:17:08.129Z"}}, {"model": "sports.standing", "pk": 12, "fields": {"match": 7, "team": 5, "gained_points": 20.0, "has_won": false, "created": "2022-08-31T07:19:39.667Z"}}, {"model": "sports.standing", "pk": 13, "fields": {"match": 8, "team": 6, "gained_points": 26.0, "has_won": true, "created": "2022-08-31T07:20:06.809Z"}}, {"model": "sports.standing", "pk": 14, "fields": {"match": 8, "team": 7, "gained_points": 22.0, "has_won": false, "created": "2022-08-31T07:20:19.920Z"}}, {"model": "sports.standing", "pk": 15, "fields": {"match": 9, "team": 6, "gained_points": 32.0, "has_won": true, "created": "2022-08-31T07:20:52.369Z"}}, {"model": "sports.standing", "pk": 16, "fields": {"match": 9, "team": 8, "gained_points": 28.0, "has_won": false, "created": "2022-08-31T07:21:03.732Z"}}, {"model": "sports.standing", "pk": 17, "fields": {"match": 10, "team": 6, "gained_points": 26.0, "has_won": true, "created": "2022-08-31T07:22:13.380Z"}}, {"model": "sports.standing", "pk": 18, "fields": {"match": 10, "team": 9, "gained_points": 21.0, "has_won": false, "created": "2022-08-31T07:22:36.168Z"}}, {"model": "sports.standing", "pk": 24, "fields": {"match": 11, "team": 7, "gained_points": 24.0, "has_won": false, "created": "2022-08-31T07:26:55.358Z"}}, {"model": "sports.standing", "pk": 25, "fields": {"match": 11, "team": 8, "gained_points": 29.0, "has_won": true, "created": "2022-08-31T07:27:04.784Z"}}, {"model": "sports.standing", "pk": 26, "fields": {"match": 12, "team": 7, "gained_points": 26.0, "has_won": true, "created": "2022-08-31T07:27:19.009Z"}}, {"model": "sports.standing", "pk": 27, "fields": {"match": 12, "team": 9, "gained_points": 24.0, "has_won": false, "created": "2022-08-31T07:27:26.307Z"}}, {"model": "sports.standing", "pk": 28, "fields": {"match": 13, "team": 8, "gained_points": 35.0, "has_won": true, "created": "2022-08-31T07:27:40.751Z"}}, {"model": "sports.standing", "pk": 29, "fields": {"match": 13, "team": 9, "gained_points": 30.0, "has_won": false, "created": "2022-08-31T07:27:51.483Z"}}, {"model": "sports.standing", "pk": 30, "fields": {"match": 14, "team": 10, "gained_points": 27.0, "has_won": false, "created": "2022-08-31T07:28:15.462Z"}}, {"model": "sports.standing", "pk": 31, "fields": {"match": 14, "team": 11, "gained_points": 29.0, "has_won": true, "created": "2022-08-31T07:28:27.654Z"}}, {"model": "sports.standing", "pk": 32, "fields": {"match": 15, "team": 10, "gained_points": 16.0, "has_won": false, "created": "2022-08-31T07:28:53.210Z"}}, {"model": "sports.standing", "pk": 33, "fields": {"match": 15, "team": 12, "gained_points": 19.0, "has_won": true, "created": "2022-08-31T07:29:02.145Z"}}, {"model": "sports.standing", "pk": 34, "fields": {"match": 16, "team": 10, "gained_points": 30.0, "has_won": false, "created": "2022-08-31T07:29:16.702Z"}}, {"model": "sports.standing", "pk": 35, "fields": {"match": 16, "team": 1, "gained_points": 31.0, "has_won": true, "created": "2022-08-31T07:29:31.858Z"}}, {"model": "sports.standing", "pk": 36, "fields": {"match": 17, "team": 11, "gained_points": 21.0, "has_won": false, "created": "2022-08-31T07:29:44.230Z"}}, {"model": "sports.standing", "pk": 37, "fields": {"match": 17, "team": 12, "gained_points": 25.0, "has_won": true, "created": "2022-08-31T07:30:02.276Z"}}, {"model": "sports.standing", "pk": 38, "fields": {"match": 18, "team": 11, "gained_points": 25.0, "has_won": false, "created": "2022-08-31T07:30:26.052Z"}}, {"model": "sports.standing", "pk": 39, "fields": {"match": 18, "team": 1, "gained_points": 31.0, "has_won": true, "created": "2022-08-31T07:30:37.699Z"}}, {"model": "sports.standing", "pk": 40, "fields": {"match": 19, "team": 12, "gained_points": 31.0, "has_won": true, "created": "2022-08-31T07:31:02.167Z"}}, {"model": "sports.standing", "pk": 41, "fields": {"match": 19, "team": 1, "gained_points": 29.0, "has_won": false, "created": "2022-08-31T07:31:09.782Z"}}, {"model": "user_profile.profile", "pk": 1, "fields": {"user": ["chavezpaula@example.net"], "image": "", "gender": "OTHERS", "user_type": "ADMIN", "phone_number": "958.583.0509x287", "address": "37937 Farrell Mission Apt. 825\nGreenland, NM 29866"}}, {"model": "user_profile.profile", "pk": 2, "fields": {"user": ["fmedina@example.com"], "image": "", "gender": "MALE", "user_type": "ADMIN", "phone_number": "(994)211-7811x85384", "address": "2617 Rollins Prairie Apt. 911\nNorth Brian, LA 77789"}}, {"model": "user_profile.profile", "pk": 3, "fields": {"user": ["larrymoore@example.com"], "image": "", "gender": "MALE", "user_type": "ADMIN", "phone_number": "001-884-654-7808", "address": "USS Hensley\nFPO AP 62008"}}, {"model": "user_profile.profile", "pk": 4, "fields": {"user": ["denisehiggins@example.org"], "image": "", "gender": "FEMALE", "user_type": "ADMIN", "phone_number": "+1-220-629-0349x3213", "address": "2685 Villa Manor Apt. 341\nWilliamston, ID 41463"}}, {"model": "user_profile.profile", "pk": 5, "fields": {"user": ["kgarza@example.org"], "image": "", "gender": "MALE", "user_type": "ADMIN", "phone_number": "+1-297-416-1453x5004", "address": "PSC 4665, Box 8199\nAPO AP 31892"}}, {"model": "user_profile.profile", "pk": 6, "fields": {"user": ["karenwhite@example.net"], "image": "", "gender": "MALE", "user_type": "STUDENT", "phone_number": "001-520-288-4827", "address": "4197 Nicole Forge\nPort Jeff, TX 61751"}}, {"model": "user_profile.profile", "pk": 7, "fields": {"user": ["rose21@example.com"], "image": "", "gender": "OTHERS", "user_type": "STUDENT", "phone_number": "8705512816", "address": "34841 Megan Wells\nStoneton, CA 86549"}}, {"model": "user_profile.profile", "pk": 8, "fields": {"user": ["zacharytanner@example.net"], "image": "", "gender": "FEMALE", "user_type": "STUDENT", "phone_number": "001-747-486-4347", "address": "77365 Mercer Place\nLindaside, FL 33166"}}, {"model": "user_profile.profile", "pk": 9, "fields": {"user": ["carrieross@example.org"], "image": "", "gender": "FEMALE", "user_type": "STUDENT", "phone_number": "001-243-973-0548x636", "address": "PSC 9198, Box 8155\nAPO AA 20113"}}, {"model": "user_profile.profile", "pk": 10, "fields": {"user": ["gabrielbrooks@example.net"], "image": "", "gender": "OTHERS", "user_type": "STUDENT", "phone_number": "(149)081-6357x85031", "address": "12031 Christian Rue Apt. 572\nCourtneyfort, NY 90265"}}, {"model": "user_profile.profile", "pk": 11, "fields": {"user": ["iperez@example.net"], "image": "", "gender": "OTHERS", "user_type": "STUDENT", "phone_number": "(756)792-6753x0126", "address": "3001 Samuel Unions\nMaryton, MI 99293"}}, {"model": "user_profile.profile", "pk": 12, "fields": {"user": ["joannapotter@example.net"], "image": "", "gender": "FEMALE", "user_type": "STUDENT", "phone_number": "+1-455-551-0974", "address": "4756 Bridges Stream\nWest Williamland, AZ 45944"}}, {"model": "user_profile.profile", "pk": 13, "fields": {"user": ["david88@example.com"], "image": "", "gender": "MALE", "user_type": "STUDENT", "phone_number": "+1-542-755-6837x23097", "address": "13836 Katherine Valley\nNew Meghan, GA 64322"}}, {"model": "user_profile.profile", "pk": 14, "fields": {"user": ["paul80@example.com"], "image": "", "gender": "MALE", "user_type": "STUDENT", "phone_number": "503.339.8051x240", "address": "24811 Reed Turnpike\nWest Tammyfort, PA 23864"}}, {"model": "user_profile.profile", "pk": 15, "fields": {"user": ["kmorris@example.org"], "image": "", "gender": "OTHERS", "user_type": "STUDENT", "phone_number": "546-811-5466x758", "address": "21699 Julie Fall\nNew Nicoleburgh, MN 84674"}}, {"model": "user_profile.profile", "pk": 16, "fields": {"user": ["angelagutierrez@example.com"], "image": "", "gender": "MALE", "user_type": "STUDENT", "phone_number": "187-126-0553x201", "address": "7420 Guzman Creek\nEast Stephaniemouth, UT 47426"}}, {"model": "user_profile.profile", "pk": 17, "fields": {"user": ["joshuahooper@example.org"], "image": "", "gender": "OTHERS", "user_type": "STUDENT", "phone_number": "+1-996-027-1094", "address": "46553 Thomas Expressway Apt. 305\nPort Nicholas, CO 84261"}}, {"model": "user_profile.profile", "pk": 18, "fields": {"user": ["josephdrake@example.org"], "image": "", "gender": "MALE", "user_type": "STUDENT", "phone_number": "370-373-6511x5697", "address": "64626 Christina Extension\nLewisbury, TN 89645"}}, {"model": "user_profile.profile", "pk": 19, "fields": {"user": ["farmerphillip@example.com"], "image": "", "gender": "MALE", "user_type": "STUDENT", "phone_number": "(424)884-9435", "address": "Unit 9467 Box 3504\nDPO AE 33694"}}, {"model": "user_profile.profile", "pk": 20, "fields": {"user": ["ecook@example.org"], "image": "", "gender": "MALE", "user_type": "STUDENT", "phone_number": "001-208-635-2938x253", "address": "1399 Oliver Island\nStewartside, MN 93664"}}, {"model": "user_profile.profile", "pk": 21, "fields": {"user": ["petersentracey@example.org"], "image": "", "gender": "FEMALE", "user_type": "STUDENT", "phone_number": "(640)062-2634x499", "address": "398 Rodriguez Views\nMartinmouth, WA 63403"}}, {"model": "user_profile.profile", "pk": 22, "fields": {"user": ["jennifer20@example.com"], "image": "", "gender": "FEMALE", "user_type": "STUDENT", "phone_number": "001-490-397-1761x156", "address": "32738 Jennifer Village\nPeterchester, RI 66709"}}, {"model": "user_profile.profile", "pk": 23, "fields": {"user": ["david01@example.com"], "image": "", "gender": "OTHERS", "user_type": "STUDENT", "phone_number": "+1-512-131-6126", "address": "965 Amanda Mall\nLaurenland, NY 70737"}}, {"model": "user_profile.profile", "pk": 24, "fields": {"user": ["mary22@example.org"], "image": "", "gender": "MALE", "user_type": "STUDENT", "phone_number": "517.638.4624", "address": "76963 Kurt Prairie Apt. 273\nAndrewsland, NE 87175"}}, {"model": "user_profile.profile", "pk": 25, "fields": {"user": ["randyhall@example.com"], "image": "", "gender": "FEMALE", "user_type": "STUDENT", "phone_number": "988-869-9207x1234", "address": "85140 Norton Points Suite 479\nJohnsonshire, AR 36061"}}, {"model": "user_profile.profile", "pk": 26, "fields": {"user": ["fmccormick@example.com"], "image": "", "gender": "MALE", "user_type": "STUDENT", "phone_number": "9447167618", "address": "80081 Matthew Islands Suite 546\nFergusonchester, NJ 56133"}}, {"model": "user_profile.profile", "pk": 27, "fields": {"user": ["emorris@example.net"], "image": "", "gender": "FEMALE", "user_type": "STUDENT", "phone_number": "715-872-1418x068", "address": "5790 Williams Crest\nSouth Jack, DE 16730"}}, {"model": "user_profile.profile", "pk": 28, "fields": {"user": ["jenniferward@example.net"], "image": "", "gender": "MALE", "user_type": "STUDENT", "phone_number": "+1-206-707-7241", "address": "62947 Harding Ways\nJohnsonhaven, SD 63725"}}, {"model": "user_profile.profile", "pk": 29, "fields": {"user": ["xhuerta@example.net"], "image": "", "gender": "MALE", "user_type": "STUDENT", "phone_number": "047.629.3529", "address": "111 Daniel Loaf Suite 473\nClarkhaven, RI 05754"}}, {"model": "user_profile.profile", "pk": 30, "fields": {"user": ["eric04@example.org"], "image": "", "gender": "MALE", "user_type": "STUDENT", "phone_number": "(451)928-9121x2375", "address": "145 Vega Spurs Apt. 810\nBensonborough, PA 18408"}}, {"model": "user_profile.profile", "pk": 31, "fields": {"user": ["woodsmatthew@example.org"], "image": "", "gender": "MALE", "user_type": "STUDENT", "phone_number": "001-724-124-8607x89190", "address": "4316 Sydney Meadows Apt. 681\nEast Richard, NJ 24077"}}, {"model": "user_profile.profile", "pk": 32, "fields": {"user": ["jessemcdonald@example.com"], "image": "", "gender": "FEMALE", "user_type": "STUDENT", "phone_number": "124.291.6883", "address": "48657 Kristopher Trail Apt. 023\nReedview, AK 31518"}}, {"model": "user_profile.profile", "pk": 33, "fields": {"user": ["jason21@example.net"], "image": "", "gender": "FEMALE", "user_type": "STUDENT", "phone_number": "945-207-9973", "address": "1935 Nichols Center Apt. 728\nMartinezville, TN 07786"}}, {"model": "user_profile.profile", "pk": 34, "fields": {"user": ["breynolds@example.net"], "image": "", "gender": "FEMALE", "user_type": "STUDENT", "phone_number": "836-608-9399x0431", "address": "38851 White Squares Apt. 950\nDuranton, AZ 62779"}}, {"model": "user_profile.profile", "pk": 35, "fields": {"user": ["nicholas04@example.net"], "image": "", "gender": "MALE", "user_type": "STUDENT", "phone_number": "001-239-142-1473x5108", "address": "71238 Wright Junctions\nGrayfort, TX 17908"}}, {"model": "user_profile.profile", "pk": 36, "fields": {"user": ["william12@example.org"], "image": "", "gender": "FEMALE", "user_type": "STUDENT", "phone_number": "094.605.5022", "address": "22398 Wilson Valleys Apt. 698\nMoodyview, VA 53482"}}, {"model": "user_profile.profile", "pk": 37, "fields": {"user": ["ortizkellie@example.com"], "image": "", "gender": "MALE", "user_type": "STUDENT", "phone_number": "+1-502-426-4800x9452", "address": "92626 Melissa Isle Apt. 807\nJohnberg, OH 21860"}}, {"model": "user_profile.profile", "pk": 38, "fields": {"user": ["kimmichael@example.net"], "image": "", "gender": "FEMALE", "user_type": "STUDENT", "phone_number": "+1-764-394-1073x80383", "address": "9427 Jessica Pike\nJasonport, NY 82228"}}, {"model": "user_profile.profile", "pk": 39, "fields": {"user": ["matthew40@example.org"], "image": "", "gender": "FEMALE", "user_type": "STUDENT", "phone_number": "541.477.4390", "address": "2204 Carter Cliffs Suite 843\nNew Sallytown, CT 44874"}}, {"model": "user_profile.profile", "pk": 40, "fields": {"user": ["hoodnicholas@example.org"], "image": "", "gender": "MALE", "user_type": "STUDENT", "phone_number": "7154489584", "address": "14039 Walker Inlet\nGuerrerostad, AR 93592"}}, {"model": "user_profile.profile", "pk": 41, "fields": {"user": ["dbarr@example.com"], "image": "", "gender": "MALE", "user_type": "STUDENT", "phone_number": "673.241.0204x855", "address": "9724 Kennedy Passage\nHarttown, DE 37252"}}, {"model": "user_profile.profile", "pk": 42, "fields": {"user": ["abigailperkins@example.com"], "image": "", "gender": "OTHERS", "user_type": "STUDENT", "phone_number": "001-995-657-2006", "address": "533 Briana Parks Apt. 812\nSouth Andrewport, AL 68316"}}, {"model": "user_profile.profile", "pk": 43, "fields": {"user": ["kellysutton@example.net"], "image": "", "gender": "FEMALE", "user_type": "STUDENT", "phone_number": "(546)117-6292", "address": "46684 Smith Manors\nMcbrideburgh, OR 05295"}}, {"model": "user_profile.profile", "pk": 44, "fields": {"user": ["basslaura@example.org"], "image": "", "gender": "FEMALE", "user_type": "STUDENT", "phone_number": "001-916-953-7762", "address": "029 Hogan Hills\nValenzuelaborough, AR 35307"}}, {"model": "user_profile.profile", "pk": 45, "fields": {"user": ["kfigueroa@example.net"], "image": "", "gender": "MALE", "user_type": "STUDENT", "phone_number": "914-127-9769", "address": "7831 Diaz Village Apt. 297\nChandlerborough, VT 29773"}}, {"model": "user_profile.profile", "pk": 46, "fields": {"user": ["sherry34@example.net"], "image": "", "gender": "FEMALE", "user_type": "STUDENT", "phone_number": "(440)553-3552x9515", "address": "98490 Zamora Ramp Suite 344\nNorth Richard, NE 53720"}}, {"model": "user_profile.profile", "pk": 47, "fields": {"user": ["jesus09@example.net"], "image": "", "gender": "MALE", "user_type": "STUDENT", "phone_number": "772-073-1649x9893", "address": "226 Hale Centers\nWest Michaelfurt, NH 10709"}}, {"model": "user_profile.profile", "pk": 48, "fields": {"user": ["kim56@example.net"], "image": "", "gender": "FEMALE", "user_type": "STUDENT", "phone_number": "001-338-301-3673x2538", "address": "5345 Jerome Curve Apt. 593\nHammondhaven, TN 97476"}}, {"model": "user_profile.profile", "pk": 49, "fields": {"user": ["lmason@example.org"], "image": "", "gender": "FEMALE", "user_type": "STUDENT", "phone_number": "950.666.5952x0481", "address": "9206 Moreno Field\nNew Heather, DC 59942"}}, {"model": "user_profile.profile", "pk": 50, "fields": {"user": ["keithgarcia@example.net"], "image": "", "gender": "FEMALE", "user_type": "STUDENT", "phone_number": "545-982-0991x1134", "address": "928 Jonathan Vista\nPort Denisemouth, MN 75094"}}, {"model": "user_profile.profile", "pk": 51, "fields": {"user": ["bakermichelle@example.com"], "image": "", "gender": "FEMALE", "user_type": "STUDENT", "phone_number": "954.592.3575x702", "address": "06547 Rodriguez Ferry Suite 928\nWilsonview, MS 47153"}}, {"model": "user_profile.profile", "pk": 52, "fields": {"user": ["annettegriffith@example.net"], "image": "", "gender": "MALE", "user_type": "STUDENT", "phone_number": "014.027.5643", "address": "233 Dixon Walk Apt. 170\nEast Brandon, IN 31284"}}, {"model": "user_profile.profile", "pk": 53, "fields": {"user": ["amy32@example.net"], "image": "", "gender": "FEMALE", "user_type": "STUDENT", "phone_number": "001-433-039-3462", "address": "8464 Gray Highway\nAllenborough, MT 29869"}}, {"model": "user_profile.profile", "pk": 54, "fields": {"user": ["yangdiana@example.com"], "image": "", "gender": "OTHERS", "user_type": "STUDENT", "phone_number": "(319)632-9097x974", "address": "521 Martin Island\nGrahamland, UT 90928"}}, {"model": "user_profile.profile", "pk": 55, "fields": {"user": ["wheelerchristopher@example.com"], "image": "", "gender": "FEMALE", "user_type": "STUDENT", "phone_number": "954-435-3828", "address": "119 Ibarra Gateway\nPort Roberto, SC 98054"}}, {"model": "user_profile.profile", "pk": 56, "fields": {"user": ["christophercardenas@example.net"], "image": "", "gender": "MALE", "user_type": "STUDENT", "phone_number": "811-183-9850x2469", "address": "06933 Hill Bypass Apt. 303\nChenhaven, OH 37024"}}, {"model": "user_profile.profile", "pk": 57, "fields": {"user": ["rossmichael@example.net"], "image": "", "gender": "OTHERS", "user_type": "STUDENT", "phone_number": "001-532-850-9865x67703", "address": "296 Kelsey Via Suite 407\nSouth Andrea, OH 96969"}}, {"model": "user_profile.profile", "pk": 58, "fields": {"user": ["rosalesdaniel@example.net"], "image": "", "gender": "MALE", "user_type": "STUDENT", "phone_number": "+1-411-509-0843x647", "address": "3088 Sanchez Groves Suite 150\nSouth David, GA 48198"}}, {"model": "user_profile.profile", "pk": 59, "fields": {"user": ["hubbardstephanie@example.org"], "image": "", "gender": "OTHERS", "user_type": "STUDENT", "phone_number": "209-714-2988", "address": "2529 Samuel Mall Apt. 714\nPort Joseph, MI 15605"}}, {"model": "user_profile.profile", "pk": 60, "fields": {"user": ["harrisethan@example.net"], "image": "", "gender": "OTHERS", "user_type": "STUDENT", "phone_number": "001-662-008-6418x942", "address": "9999 Anthony Point\nJillview, DC 57578"}}, {"model": "user_profile.profile", "pk": 61, "fields": {"user": ["shannon01@example.org"], "image": "", "gender": "MALE", "user_type": "STUDENT", "phone_number": "705.349.8693x8715", "address": "8044 Morgan Unions\nFisherview, AL 77197"}}, {"model": "user_profile.profile", "pk": 62, "fields": {"user": ["jonessean@example.com"], "image": "", "gender": "FEMALE", "user_type": "STUDENT", "phone_number": "051-245-7596x50283", "address": "921 Edward Square\nWisefurt, HI 44733"}}, {"model": "user_profile.profile", "pk": 63, "fields": {"user": ["blackwelljacqueline@example.org"], "image": "", "gender": "OTHERS", "user_type": "STUDENT", "phone_number": "7157744669", "address": "144 April Summit\nEmilyburgh, IA 57875"}}, {"model": "user_profile.profile", "pk": 64, "fields": {"user": ["mcraig@example.com"], "image": "", "gender": "MALE", "user_type": "STUDENT", "phone_number": "+1-388-194-2380x0926", "address": "449 Rivera Stravenue Suite 017\nPort Daniel, VT 70332"}}, {"model": "user_profile.profile", "pk": 65, "fields": {"user": ["zhaynes@example.net"], "image": "", "gender": "FEMALE", "user_type": "STUDENT", "phone_number": "(227)222-6422x968", "address": "17200 Matthew Branch Suite 648\nSouth Courtneyfort, OH 66306"}}, {"model": "user_profile.profile", "pk": 66, "fields": {"user": ["tanya51@example.net"], "image": "", "gender": "OTHERS", "user_type": "STUDENT", "phone_number": "001-903-781-1669", "address": "365 David Mount Apt. 529\nWallacechester, WI 08325"}}, {"model": "user_profile.profile", "pk": 67, "fields": {"user": ["mitchellanthony@example.org"], "image": "", "gender": "OTHERS", "user_type": "STUDENT", "phone_number": "001-949-188-9176x288", "address": "USNS Richards\nFPO AA 40144"}}, {"model": "user_profile.profile", "pk": 68, "fields": {"user": ["ccortez@example.net"], "image": "", "gender": "OTHERS", "user_type": "STUDENT", "phone_number": "001-212-402-8478x59236", "address": "862 Tyler Course\nPort Crystalshire, CA 12850"}}, {"model": "user_profile.profile", "pk": 69, "fields": {"user": ["josephroth@example.org"], "image": "", "gender": "FEMALE", "user_type": "STUDENT", "phone_number": "+1-016-116-2977", "address": "073 Baker Junctions Apt. 694\nNicoleburgh, MD 85564"}}, {"model": "user_profile.profile", "pk": 70, "fields": {"user": ["stephanievega@example.com"], "image": "", "gender": "MALE", "user_type": "STUDENT", "phone_number": "001-225-139-7279x9538", "address": "53845 Rodriguez Port\nNew Lindsey, NC 67092"}}, {"model": "user_profile.profile", "pk": 71, "fields": {"user": ["brownjasmine@example.com"], "image": "", "gender": "OTHERS", "user_type": "STUDENT", "phone_number": "467-331-3082x0720", "address": "7765 Michael Forges\nWest Russellborough, NH 47835"}}, {"model": "user_profile.profile", "pk": 72, "fields": {"user": ["mpark@example.com"], "image": "", "gender": "FEMALE", "user_type": "STUDENT", "phone_number": "407.124.6577x38326", "address": "162 Brandy Mountain Suite 049\nLake Brianfurt, UT 13581"}}, {"model": "user_profile.profile", "pk": 73, "fields": {"user": ["christopherlong@example.org"], "image": "", "gender": "FEMALE", "user_type": "STUDENT", "phone_number": "986-094-1231", "address": "1620 Audrey Walks Apt. 629\nNew Reginaldport, NC 84123"}}, {"model": "user_profile.profile", "pk": 74, "fields": {"user": ["gloriasimmons@example.org"], "image": "", "gender": "OTHERS", "user_type": "STUDENT", "phone_number": "765-474-0452", "address": "156 Sean Mission\nChristensenville, AZ 07929"}}, {"model": "user_profile.profile", "pk": 75, "fields": {"user": ["keith11@example.net"], "image": "", "gender": "MALE", "user_type": "STUDENT", "phone_number": "001-956-897-5187x34169", "address": "58383 Smith Burg Suite 289\nSouth Cynthiaberg, UT 59857"}}, {"model": "user_profile.profile", "pk": 76, "fields": {"user": ["sarahanderson@example.com"], "image": "", "gender": "MALE", "user_type": "STUDENT", "phone_number": "001-675-529-4603", "address": "78233 Boone Extension Suite 993\nLake Matthew, CA 78024"}}, {"model": "user_profile.profile", "pk": 77, "fields": {"user": ["omiller@example.com"], "image": "", "gender": "MALE", "user_type": "STUDENT", "phone_number": "+1-791-136-0263x251", "address": "544 Warner Trace Suite 361\nSouth Robertland, MS 25164"}}, {"model": "user_profile.profile", "pk": 78, "fields": {"user": ["jill24@example.org"], "image": "", "gender": "FEMALE", "user_type": "STUDENT", "phone_number": "(499)598-2612x608", "address": "1016 Betty Field\nDanaburgh, OK 76845"}}, {"model": "user_profile.profile", "pk": 79, "fields": {"user": ["nnorman@example.net"], "image": "", "gender": "FEMALE", "user_type": "STUDENT", "phone_number": "368.587.2045", "address": "0612 Owens Drive Suite 540\nJameschester, KY 54468"}}, {"model": "user_profile.profile", "pk": 80, "fields": {"user": ["Marjuk_Russell"], "image": "", "gender": "FEMALE", "user_type": "STUDENT", "phone_number": "547718-4629", "address": "07622 Collins Coves\r\nWest Staceyside, NM 65895"}}, {"model": "user_profile.profile", "pk": 81, "fields": {"user": ["kevin55@example.org"], "image": "", "gender": "FEMALE", "user_type": "STUDENT", "phone_number": "830-955-4762", "address": "5541 Mccoy Station Suite 469\nLindsaytown, OH 66386"}}, {"model": "user_profile.profile", "pk": 82, "fields": {"user": ["john25@example.com"], "image": "", "gender": "MALE", "user_type": "STUDENT", "phone_number": "+1-461-787-1963x19450", "address": "972 Joseph Row Suite 750\nStricklandchester, IL 29006"}}, {"model": "user_profile.profile", "pk": 83, "fields": {"user": ["smithchristopher@example.net"], "image": "", "gender": "OTHERS", "user_type": "STUDENT", "phone_number": "675-024-0515", "address": "597 Owens Trafficway Apt. 143\nPort Amy, AK 51333"}}, {"model": "user_profile.profile", "pk": 84, "fields": {"user": ["david91@example.org"], "image": "", "gender": "MALE", "user_type": "STUDENT", "phone_number": "281-759-8713x348", "address": "PSC 3780, Box 4650\nAPO AP 23293"}}, {"model": "user_profile.profile", "pk": 85, "fields": {"user": ["barnettchase@example.org"], "image": "", "gender": "OTHERS", "user_type": "STUDENT", "phone_number": "(571)277-9496", "address": "6944 Burns Island\nDanielston, CO 58281"}}, {"model": "user_profile.profile", "pk": 86, "fields": {"user": ["ricky73@example.org"], "image": "", "gender": "MALE", "user_type": "STUDENT", "phone_number": "001-111-641-1276x71032", "address": "2724 Madeline Shore\nNorth Sydneyhaven, CO 32536"}}, {"model": "user_profile.profile", "pk": 87, "fields": {"user": ["andersontina@example.org"], "image": "", "gender": "MALE", "user_type": "STUDENT", "phone_number": "001-353-164-9964x29183", "address": "02968 Turner Brook\nEast Annville, AK 20406"}}, {"model": "user_profile.profile", "pk": 88, "fields": {"user": ["wallaceelaine@example.net"], "image": "", "gender": "FEMALE", "user_type": "STUDENT", "phone_number": "(423)826-2258x68123", "address": "194 Angela Knoll Apt. 662\nBowenstad, MA 25800"}}, {"model": "user_profile.profile", "pk": 89, "fields": {"user": ["tyler85@example.net"], "image": "", "gender": "FEMALE", "user_type": "STUDENT", "phone_number": "466-178-0555x779", "address": "202 Kim Way Suite 491\nNew Haroldside, PA 45406"}}, {"model": "user_profile.profile", "pk": 90, "fields": {"user": ["jhodges@example.org"], "image": "", "gender": "FEMALE", "user_type": "STUDENT", "phone_number": "+1-644-998-1604x9359", "address": "1713 Jennifer Manors Apt. 646\nSouth Nicolechester, VT 45406"}}, {"model": "user_profile.profile", "pk": 91, "fields": {"user": ["leejeffrey@example.com"], "image": "", "gender": "OTHERS", "user_type": "STUDENT", "phone_number": "085-047-5736x0471", "address": "27314 Allen Centers Suite 181\nWebsterfurt, NE 46308"}}, {"model": "user_profile.profile", "pk": 92, "fields": {"user": ["john33@example.org"], "image": "", "gender": "OTHERS", "user_type": "STUDENT", "phone_number": "0330156458", "address": "4921 Sellers Parkway Apt. 487\nPort Shane, CA 92497"}}, {"model": "user_profile.profile", "pk": 93, "fields": {"user": ["alee@example.com"], "image": "", "gender": "MALE", "user_type": "STUDENT", "phone_number": "(817)067-6507", "address": "20890 Riley Rue\nEast Tinamouth, MI 07855"}}, {"model": "user_profile.profile", "pk": 94, "fields": {"user": ["regina00@example.org"], "image": "", "gender": "OTHERS", "user_type": "STUDENT", "phone_number": "(726)970-6979x20991", "address": "PSC 2111, Box 0286\nAPO AE 71498"}}, {"model": "user_profile.profile", "pk": 95, "fields": {"user": ["echan@example.org"], "image": "", "gender": "FEMALE", "user_type": "STUDENT", "phone_number": "967-895-6260", "address": "71865 Dominic Fords\nCartermouth, KS 86999"}}, {"model": "user_profile.profile", "pk": 96, "fields": {"user": ["shelby98@example.org"], "image": "", "gender": "FEMALE", "user_type": "STUDENT", "phone_number": "390.777.6766x758", "address": "055 Laura Terrace Suite 549\nPenafort, MS 99772"}}, {"model": "user_profile.profile", "pk": 97, "fields": {"user": ["jenna19@example.com"], "image": "", "gender": "OTHERS", "user_type": "STUDENT", "phone_number": "001-193-830-7298x5083", "address": "1172 Adams Fork\nOconnorville, AK 46257"}}, {"model": "user_profile.profile", "pk": 98, "fields": {"user": ["jonesjohn@example.org"], "image": "", "gender": "OTHERS", "user_type": "STUDENT", "phone_number": "001-650-269-7966x380", "address": "PSC 7970, Box 6643\nAPO AA 51257"}}, {"model": "user_profile.profile", "pk": 99, "fields": {"user": ["ewilkerson@example.org"], "image": "", "gender": "OTHERS", "user_type": "STUDENT", "phone_number": "+1-198-857-1025x49184", "address": "855 Anderson Harbor\nNorth Jamieview, NC 34434"}}, {"model": "user_profile.profile", "pk": 100, "fields": {"user": ["andrew87@example.com"], "image": "", "gender": "FEMALE", "user_type": "STUDENT", "phone_number": "001-032-727-4276x19588", "address": "9815 Collin Ramp\nNorth Natalie, IA 76706"}}, {"model": "user_profile.profile", "pk": 101, "fields": {"user": ["fclark@example.com"], "image": "", "gender": "FEMALE", "user_type": "STUDENT", "phone_number": "(317)447-6746x41733", "address": "21785 Gonzalez Pine Suite 074\nVargasland, PA 24183"}}, {"model": "user_profile.profile", "pk": 102, "fields": {"user": ["austin53@example.net"], "image": "", "gender": "MALE", "user_type": "STUDENT", "phone_number": "(309)413-7969", "address": "92084 Rojas Pines Apt. 588\nNorth Roger, CT 83553"}}, {"model": "user_profile.profile", "pk": 103, "fields": {"user": ["cynthia76@example.org"], "image": "", "gender": "OTHERS", "user_type": "STUDENT", "phone_number": "506-139-2008", "address": "016 Rogers Plains Apt. 511\nWest Matthew, NE 21437"}}, {"model": "user_profile.profile", "pk": 104, "fields": {"user": ["jsmith@example.org"], "image": "", "gender": "OTHERS", "user_type": "STUDENT", "phone_number": "541-717-7740x4536", "address": "421 Carrie Mountain Apt. 276\nJamesmouth, WA 04402"}}, {"model": "user_profile.profile", "pk": 105, "fields": {"user": ["hwilson@example.net"], "image": "", "gender": "OTHERS", "user_type": "STUDENT", "phone_number": "001-774-142-9251x3648", "address": "72204 Page Wall Suite 282\nWest Brendashire, MS 88270"}}, {"model": "user_profile.profile", "pk": 106, "fields": {"user": ["timothyvelez@example.net"], "image": "", "gender": "OTHERS", "user_type": "TEACHER", "phone_number": "966.597.1452x1167", "address": "6090 Jensen Villages\nLake Kenneth, KS 71634"}}, {"model": "user_profile.profile", "pk": 107, "fields": {"user": ["robertchristensen@example.org"], "image": "", "gender": "OTHERS", "user_type": "TEACHER", "phone_number": "(519)768-8167", "address": "4527 James Terrace Suite 692\nWest Laurieberg, OR 04984"}}, {"model": "user_profile.profile", "pk": 108, "fields": {"user": ["zscott@example.net"], "image": "", "gender": "MALE", "user_type": "TEACHER", "phone_number": "913.769.9469", "address": "74231 Frances Lodge\nWest Patty, KS 32400"}}, {"model": "user_profile.profile", "pk": 109, "fields": {"user": ["ynguyen@example.com"], "image": "", "gender": "FEMALE", "user_type": "TEACHER", "phone_number": "646-709-9711x586", "address": "03544 James Pine Apt. 579\nJessicaville, NJ 86239"}}, {"model": "user_profile.profile", "pk": 110, "fields": {"user": ["kayla95@example.com"], "image": "", "gender": "MALE", "user_type": "TEACHER", "phone_number": "(538)909-6826", "address": "70780 Lynn Point Apt. 438\nNorth Stephen, WV 68625"}}, {"model": "user_profile.profile", "pk": 111, "fields": {"user": ["watkinsrobert@example.com"], "image": "", "gender": "OTHERS", "user_type": "TEACHER", "phone_number": "471.417.5951", "address": "0376 Eric Corners Apt. 330\nPort Kevin, TN 49972"}}, {"model": "user_profile.profile", "pk": 112, "fields": {"user": ["kevinporter@example.org"], "image": "", "gender": "MALE", "user_type": "TEACHER", "phone_number": "+1-909-369-5695", "address": "305 Mendoza Loaf\nVictorville, KY 38182"}}, {"model": "user_profile.profile", "pk": 113, "fields": {"user": ["jill60@example.org"], "image": "", "gender": "OTHERS", "user_type": "TEACHER", "phone_number": "+1-560-734-9527x267", "address": "PSC 9606, Box 8712\nAPO AP 79353"}}, {"model": "user_profile.profile", "pk": 114, "fields": {"user": ["meghan52@example.com"], "image": "", "gender": "OTHERS", "user_type": "TEACHER", "phone_number": "001-902-853-8777x59388", "address": "173 Alejandro Locks\nSmithborough, AK 51126"}}, {"model": "user_profile.profile", "pk": 115, "fields": {"user": ["deborah63@example.com"], "image": "", "gender": "FEMALE", "user_type": "TEACHER", "phone_number": "(941)914-3968x77543", "address": "411 Jocelyn Ford\nJameshaven, AR 71102"}}, {"model": "user_profile.profile", "pk": 116, "fields": {"user": ["ebond@example.com"], "image": "", "gender": "MALE", "user_type": "TEACHER", "phone_number": "(023)403-5695x3688", "address": "USNV Taylor\nFPO AE 78226"}}, {"model": "user_profile.profile", "pk": 117, "fields": {"user": ["caseydaniel@example.com"], "image": "", "gender": "OTHERS", "user_type": "TEACHER", "phone_number": "657-571-5635", "address": "USNV Smith\nFPO AP 68779"}}, {"model": "user_profile.profile", "pk": 118, "fields": {"user": ["wisedaniel@example.net"], "image": "", "gender": "FEMALE", "user_type": "TEACHER", "phone_number": "(078)760-3762x9519", "address": "781 Hopkins Shoal Suite 388\nWeberfort, OR 72839"}}, {"model": "user_profile.profile", "pk": 119, "fields": {"user": ["alyssawells@example.org"], "image": "", "gender": "FEMALE", "user_type": "TEACHER", "phone_number": "818-699-5610", "address": "Unit 2693 Box 2708\nDPO AP 98725"}}, {"model": "user_profile.profile", "pk": 120, "fields": {"user": ["jacksontony@example.org"], "image": "", "gender": "FEMALE", "user_type": "TEACHER", "phone_number": "001-366-516-7468x35777", "address": "159 Bradshaw Mall\nNew Eric, SD 13672"}}, {"model": "user_profile.profile", "pk": 121, "fields": {"user": ["rojaswilliam@example.org"], "image": "", "gender": "FEMALE", "user_type": "TEACHER", "phone_number": "(633)197-8747x8407", "address": "54423 Garcia Shore\nAngieview, NV 64717"}}, {"model": "user_profile.profile", "pk": 122, "fields": {"user": ["alvarezjeffery@example.net"], "image": "", "gender": "OTHERS", "user_type": "TEACHER", "phone_number": "(483)336-6404x229", "address": "76118 Nicole Landing\nWest Amandaview, OH 26810"}}, {"model": "user_profile.profile", "pk": 123, "fields": {"user": ["michaelconrad@example.net"], "image": "", "gender": "MALE", "user_type": "TEACHER", "phone_number": "7462623485", "address": "5488 Kane Avenue Apt. 825\nNew Jennifer, SD 77601"}}, {"model": "user_profile.profile", "pk": 124, "fields": {"user": ["anthonysuarez@example.net"], "image": "", "gender": "FEMALE", "user_type": "TEACHER", "phone_number": "001-511-190-4238x97222", "address": "USNV Reed\nFPO AE 40790"}}, {"model": "user_profile.profile", "pk": 125, "fields": {"user": ["lisahobbs@example.org"], "image": "", "gender": "MALE", "user_type": "TEACHER", "phone_number": "(864)430-3827x353", "address": "50609 Roth Mews\nSouth Andrea, TN 34874"}}, {"model": "user_profile.profile", "pk": 126, "fields": {"user": ["mhughes@example.org"], "image": "", "gender": "FEMALE", "user_type": "TEACHER", "phone_number": "001-324-312-7203x494", "address": "20469 David Stravenue Apt. 169\nNorth Stevenville, WV 57138"}}, {"model": "user_profile.profile", "pk": 127, "fields": {"user": ["pfox@example.net"], "image": "", "gender": "OTHERS", "user_type": "TEACHER", "phone_number": "095-825-2991", "address": "1995 Tracy Light\nLake Jeffrey, MT 06902"}}, {"model": "user_profile.profile", "pk": 128, "fields": {"user": ["ramirezsonya@example.net"], "image": "", "gender": "MALE", "user_type": "TEACHER", "phone_number": "797.607.8825x138", "address": "726 Jose Garden Apt. 598\nNew Charles, WI 19473"}}, {"model": "user_profile.profile", "pk": 129, "fields": {"user": ["mariefoster@example.org"], "image": "", "gender": "MALE", "user_type": "TEACHER", "phone_number": "541.429.7720", "address": "71636 Jones Dam\nFordland, KY 63059"}}, {"model": "user_profile.profile", "pk": 130, "fields": {"user": ["acevedophilip@example.net"], "image": "", "gender": "OTHERS", "user_type": "TEACHER", "phone_number": "364-950-4426x20052", "address": "7954 Pierce Dam Suite 695\nChavezville, IA 67629"}}, {"model": "user_profile.profile", "pk": 131, "fields": {"user": ["grangel@example.org"], "image": "", "gender": "OTHERS", "user_type": "TEACHER", "phone_number": "+1-969-084-5457", "address": "66980 Greer Glens\nTrujilloside, IA 94940"}}, {"model": "user_profile.profile", "pk": 132, "fields": {"user": ["salazarbenjamin@example.com"], "image": "", "gender": "OTHERS", "user_type": "TEACHER", "phone_number": "001-629-636-6713x16198", "address": "191 Mcdonald Mountain Apt. 326\nThomasbury, TN 01212"}}, {"model": "user_profile.profile", "pk": 133, "fields": {"user": ["matthewsjames@example.com"], "image": "", "gender": "FEMALE", "user_type": "TEACHER", "phone_number": "157.546.3244x855", "address": "1811 Nelson Meadows Apt. 267\nMichaelfurt, CA 98533"}}, {"model": "user_profile.profile", "pk": 134, "fields": {"user": ["hcruz@example.org"], "image": "", "gender": "OTHERS", "user_type": "TEACHER", "phone_number": "+1-367-380-0171", "address": "24333 Bobby Forges Suite 748\nBowmanview, WI 68502"}}, {"model": "user_profile.profile", "pk": 135, "fields": {"user": ["lgeorge@example.com"], "image": "", "gender": "FEMALE", "user_type": "TEACHER", "phone_number": "001-490-370-6496", "address": "Unit 6817 Box 7262\nDPO AP 73183"}}, {"model": "user_profile.profile", "pk": 136, "fields": {"user": ["william50@example.org"], "image": "", "gender": "MALE", "user_type": "TEACHER", "phone_number": "(895)048-4837x469", "address": "837 Mcfarland Forges Suite 679\nNorth Joseph, TN 15261"}}, {"model": "user_profile.profile", "pk": 137, "fields": {"user": ["fvelasquez@example.net"], "image": "", "gender": "OTHERS", "user_type": "TEACHER", "phone_number": "663-415-2298", "address": "163 Jackson Drives\nSamanthaton, IA 74284"}}, {"model": "user_profile.profile", "pk": 138, "fields": {"user": ["kcrawford@example.net"], "image": "", "gender": "FEMALE", "user_type": "TEACHER", "phone_number": "(086)318-8925x2120", "address": "560 Danielle Key\nWest Lisa, OK 34986"}}, {"model": "user_profile.profile", "pk": 139, "fields": {"user": ["vlopez@example.com"], "image": "", "gender": "MALE", "user_type": "TEACHER", "phone_number": "533-221-4590x5604", "address": "5957 Todd Islands\nWagnerfort, MT 28236"}}, {"model": "user_profile.profile", "pk": 140, "fields": {"user": ["wesley01@example.org"], "image": "", "gender": "MALE", "user_type": "TEACHER", "phone_number": "001-741-247-2916x6769", "address": "PSC 6420, Box 5718\nAPO AA 27416"}}, {"model": "user_profile.profile", "pk": 141, "fields": {"user": ["nathaniel48@example.net"], "image": "", "gender": "FEMALE", "user_type": "TEACHER", "phone_number": "(640)321-3082x564", "address": "844 Angel Divide\nNorth Rickyville, LA 81840"}}, {"model": "user_profile.profile", "pk": 142, "fields": {"user": ["conniemiller@example.net"], "image": "", "gender": "MALE", "user_type": "TEACHER", "phone_number": "583-518-2634", "address": "108 Ritter Burgs Suite 494\nDavisside, AL 31583"}}, {"model": "user_profile.profile", "pk": 143, "fields": {"user": ["richard34@example.org"], "image": "", "gender": "OTHERS", "user_type": "TEACHER", "phone_number": "217.819.7099x92357", "address": "6905 Wells Lane Apt. 565\nSouth Christian, MI 58362"}}, {"model": "user_profile.profile", "pk": 144, "fields": {"user": ["lanebrian@example.com"], "image": "", "gender": "OTHERS", "user_type": "TEACHER", "phone_number": "+1-310-510-4885x387", "address": "039 Perkins Knoll\nNorth Jameston, WI 04994"}}, {"model": "user_profile.profile", "pk": 145, "fields": {"user": ["ethandean@example.com"], "image": "", "gender": "MALE", "user_type": "TEACHER", "phone_number": "835-709-2606x3861", "address": "1150 Shah Bridge\nYoungville, AK 26583"}}, {"model": "user_profile.profile", "pk": 146, "fields": {"user": ["ryan75@example.com"], "image": "", "gender": "OTHERS", "user_type": "TEACHER", "phone_number": "(868)176-0245x90243", "address": "66246 Paige Skyway Apt. 520\nHowardshire, KS 67832"}}, {"model": "user_profile.profile", "pk": 147, "fields": {"user": ["davidspence@example.org"], "image": "", "gender": "MALE", "user_type": "TEACHER", "phone_number": "894.372.8184x741", "address": "1524 Ramirez Island\nLake Ashleyport, NH 62852"}}, {"model": "user_profile.profile", "pk": 148, "fields": {"user": ["amanda85@example.net"], "image": "", "gender": "MALE", "user_type": "TEACHER", "phone_number": "(201)829-1599x82864", "address": "3573 Valerie Courts\nWoodschester, IL 67585"}}, {"model": "user_profile.profile", "pk": 149, "fields": {"user": ["hdavis@example.net"], "image": "", "gender": "FEMALE", "user_type": "TEACHER", "phone_number": "001-344-798-9223", "address": "3159 Harding Brooks\nLawsonview, CA 02046"}}, {"model": "user_profile.profile", "pk": 150, "fields": {"user": ["michaelwest@example.com"], "image": "", "gender": "OTHERS", "user_type": "TEACHER", "phone_number": "665.965.1529x75626", "address": "USNS Hernandez\nFPO AA 11865"}}, {"model": "user_profile.profile", "pk": 151, "fields": {"user": ["ramirezcynthia@example.org"], "image": "", "gender": "MALE", "user_type": "TEACHER", "phone_number": "793.105.5388", "address": "76685 Smith Place Suite 490\nNew Toni, NJ 79957"}}, {"model": "user_profile.profile", "pk": 152, "fields": {"user": ["michellebrown@example.org"], "image": "", "gender": "FEMALE", "user_type": "TEACHER", "phone_number": "308.581.0413", "address": "010 Kristen Ferry\nNicoleport, DC 78348"}}, {"model": "user_profile.profile", "pk": 153, "fields": {"user": ["crystal16@example.com"], "image": "", "gender": "OTHERS", "user_type": "TEACHER", "phone_number": "070.582.7030x07553", "address": "217 Nicole Mountain Suite 411\nEast Brandonberg, RI 64559"}}, {"model": "user_profile.profile", "pk": 154, "fields": {"user": ["qedwards@example.net"], "image": "", "gender": "MALE", "user_type": "TEACHER", "phone_number": "+1-830-761-1006x02963", "address": "30859 Karla Locks Apt. 162\nAndrewfort, NJ 33987"}}, {"model": "user_profile.profile", "pk": 155, "fields": {"user": ["MdShamsuzzaman"], "image": "", "gender": "MALE", "user_type": "TEACHER", "phone_number": "(945)687-4426x842", "address": "6898 King Tunnel\nEast Albert, ID 26563"}}, {"model": "user_profile.profile", "pk": 156, "fields": {"user": ["Admin"], "image": "uploads/Profile/156/2022/8/31/04_41_48.729968_05b0bdf2-c5af-4a66-9046-5e024ec52ee7_.jpeg", "gender": "MALE", "user_type": "STUDENT", "phone_number": "0163276159", "address": "Dhk"}}, {"model": "user_profile.profile", "pk": 157, "fields": {"user": ["mushfiqzaman777@gmail.com"], "image": "", "gender": "MALE", "user_type": "STUDENT", "phone_number": "01725448142", "address": "Beacon Mor,Rangpur"}}, {"model": "user_profile.profile", "pk": 158, "fields": {"user": ["Md.AminurIslam"], "image": "", "gender": "MALE", "user_type": "STUDENT", "phone_number": "01571721957", "address": "Sordarpara, Rangpur."}}, {"model": "user_profile.profile", "pk": 159, "fields": {"user": ["habib13427800@gmail.com"], "image": "", "gender": "MALE", "user_type": "STUDENT", "phone_number": "01793826563", "address": "Checkpost, Rangpur."}}, {"model": "user_profile.profile", "pk": 160, "fields": {"user": ["mdmilon1ff@gmail.com"], "image": "", "gender": "MALE", "user_type": "STUDENT", "phone_number": "01315158696", "address": "Sordarpara, Rangpur."}}, {"model": "user_profile.profile", "pk": 161, "fields": {"user": ["tauhidsuhan40@gmail.com"], "image": "", "gender": "MALE", "user_type": "STUDENT", "phone_number": "01773525989", "address": "DC More, Rangpur."}}, {"model": "user_profile.profile", "pk": 162, "fields": {"user": ["rabindra.cse.brur@gmail.com"], "image": "", "gender": "MALE", "user_type": "STUDENT", "phone_number": "01722554822", "address": "Chalkbazar, Rangpur"}}, {"model": "user_profile.profile", "pk": 163, "fields": {"user": ["sabrinjahansinha@gmail.com"], "image": "", "gender": "FEMALE", "user_type": "STUDENT", "phone_number": "01710491269", "address": "Sordarpara, Rangpur."}}, {"model": "user_profile.profile", "pk": 164, "fields": {"user": ["monjirul.munna20@gmail.com"], "image": "", "gender": "MALE", "user_type": "STUDENT", "phone_number": "01746957349", "address": "Sordarpara, Rangpur."}}, {"model": "user_profile.profile", "pk": 165, "fields": {"user": ["Shahidulislam68114@gmail.com"], "image": "", "gender": "MALE", "user_type": "STUDENT", "phone_number": "01872833395", "address": "Mordern Mor, Rangpur."}}, {"model": "user_profile.profile", "pk": 166, "fields": {"user": ["nahidbaratccr@gmail.com"], "image": "", "gender": "MALE", "user_type": "STUDENT", "phone_number": "01717909321", "address": "Soradrpara, Rangpur."}}, {"model": "user_profile.profile", "pk": 167, "fields": {"user": ["rakib.cse.brur11@gmail.com"], "image": "", "gender": "MALE", "user_type": "STUDENT", "phone_number": "01308124230", "address": "Sordarpara, Rangpur."}}, {"model": "user_profile.profile", "pk": 168, "fields": {"user": ["jahidulislam201912@gmail.com"], "image": "", "gender": "MALE", "user_type": "STUDENT", "phone_number": "01755375498", "address": "Park Mor, Rangpur."}}, {"model": "user_profile.profile", "pk": 169, "fields": {"user": ["nurislam7748@gmail.com"], "image": "", "gender": "MALE", "user_type": "STUDENT", "phone_number": "01792842671", "address": "Sordarpara, Rangpur."}}, {"model": "user_profile.profile", "pk": 170, "fields": {"user": ["mstnabilahfarjana@gmail.com"], "image": "", "gender": "MALE", "user_type": "STUDENT", "phone_number": "01795007424", "address": "Chalkbazar, Rangpur."}}, {"model": "user_profile.profile", "pk": 171, "fields": {"user": ["tanzilahmed678@gmail.com"], "image": "", "gender": "MALE", "user_type": "STUDENT", "phone_number": "01834314643", "address": "Thikadarpara, Beacon Mor, Rangpur."}}, {"model": "user_profile.profile", "pk": 172, "fields": {"user": ["fahim6668@gmail.com"], "image": "", "gender": "MALE", "user_type": "STUDENT", "phone_number": "01632776159", "address": "Thikadarpara, Beacon Mor, Rangpur."}}, {"model": "user_profile.profile", "pk": 173, "fields": {"user": ["shihabahmed2312@gmail.com"], "image": "", "gender": "MALE", "user_type": "STUDENT", "phone_number": "01521556269", "address": "Sordarpara, Rangpur."}}, {"model": "user_profile.profile", "pk": 174, "fields": {"user": ["effatjahanafifa@gmail.com"], "image": "", "gender": "FEMALE", "user_type": "STUDENT", "phone_number": "01792820021", "address": "Chalkbazar, Rangpur."}}, {"model": "user_profile.profile", "pk": 175, "fields": {"user": ["abdullaalmamun.cse.brur@gmail.com"], "image": "", "gender": "MALE", "user_type": "STUDENT", "phone_number": "01635074590", "address": "Thikadarpara, Beacon Mor, Rangpur."}}, {"model": "user_profile.profile", "pk": 176, "fields": {"user": ["afiahfarzanah@gmail.com"], "image": "", "gender": "FEMALE", "user_type": "STUDENT", "phone_number": "01704680704", "address": "Chalkbazar, Rangpur."}}, {"model": "user_profile.profile", "pk": 177, "fields": {"user": ["kajal547507@gmail.com"], "image": "", "gender": "MALE", "user_type": "STUDENT", "phone_number": "01797746507", "address": "Sordarpara, Rangpur."}}, {"model": "user_profile.profile", "pk": 178, "fields": {"user": ["shefaul7457@gmail.com"], "image": "", "gender": "MALE", "user_type": "STUDENT", "phone_number": "01300108645", "address": "Haragacha, Rangpur."}}, {"model": "user_profile.profile", "pk": 179, "fields": {"user": ["rsrafirahman@gmail.com"], "image": "", "gender": "MALE", "user_type": "STUDENT", "phone_number": "01727898545", "address": "Jahaj Company Mor, Rangpur."}}, {"model": "user_profile.profile", "pk": 180, "fields": {"user": ["ezaz.hb@gmail.com"], "image": "", "gender": "MALE", "user_type": "STUDENT", "phone_number": "01797811101", "address": "Chalkbazar, Rangpur."}}, {"model": "user_profile.profile", "pk": 181, "fields": {"user": ["faisalshohagprog@gmail.com"], "image": "", "gender": "MALE", "user_type": "STUDENT", "phone_number": "01318067123", "address": "Chalkbazar, Rangpur."}}, {"model": "user_profile.profile", "pk": 182, "fields": {"user": ["alifmia2543cse@gmail.com"], "image": "", "gender": "MALE", "user_type": "STUDENT", "phone_number": "01774676846", "address": "Chalkbazar, Rangpur."}}, {"model": "user_profile.profile", "pk": 183, "fields": {"user": ["rhmtrsh@gmail.com"], "image": "", "gender": "MALE", "user_type": "STUDENT", "phone_number": "01798974432", "address": "Sordarpara, Rangpur."}}, {"model": "user_profile.profile", "pk": 184, "fields": {"user": ["atika.yasmin.19@gmail.com"], "image": "", "gender": "FEMALE", "user_type": "STUDENT", "phone_number": "01722414926", "address": "Chalkbazar, Rangpur."}}, {"model": "user_profile.profile", "pk": 185, "fields": {"user": ["abdullaalmaruf001@gmail.com"], "image": "", "gender": "MALE", "user_type": "STUDENT", "phone_number": "01783291104", "address": "Sordarpara, Rangpur."}}, {"model": "user_profile.profile", "pk": 186, "fields": {"user": ["shamimahammadrasel@gmail.com"], "image": "", "gender": "MALE", "user_type": "STUDENT", "phone_number": "01629829216", "address": "Beacon Mor, Rangpur."}}, {"model": "user_profile.profile", "pk": 187, "fields": {"user": ["imrankhan6322431@gmail.com"], "image": "", "gender": "MALE", "user_type": "STUDENT", "phone_number": "01786743497", "address": "Chalkbazar, Rangpur."}}, {"model": "user_profile.profile", "pk": 188, "fields": {"user": ["wahidahmedshanto@gmail.com"], "image": "", "gender": "MALE", "user_type": "STUDENT", "phone_number": "01521750685", "address": "Khamar Mor, Rangpur."}}, {"model": "user_profile.profile", "pk": 189, "fields": {"user": ["sakib.cse.11@gmail.com"], "image": "", "gender": "MALE", "user_type": "STUDENT", "phone_number": "01701562631", "address": "Chartola Mor, Rangpur."}}, {"model": "user_profile.profile", "pk": 190, "fields": {"user": ["shohanurnishad@gmail.com"], "image": "", "gender": "MALE", "user_type": "STUDENT", "phone_number": "01521529764", "address": "Salamer Mor, Rangpur."}}, {"model": "user_profile.profile", "pk": 191, "fields": {"user": ["abdullahalasif@gmail.com"], "image": "", "gender": "MALE", "user_type": "STUDENT", "phone_number": "01722650648", "address": "Sordarpara, Rangpur."}}, {"model": "user_profile.profile", "pk": 192, "fields": {"user": ["sohelranacse11@gmail.com"], "image": "", "gender": "MALE", "user_type": "STUDENT", "phone_number": "01995443661", "address": "Sordarpara, Rangpur."}}, {"model": "user_profile.profile", "pk": 193, "fields": {"user": ["montumhonto826@gmail.com"], "image": "", "gender": "MALE", "user_type": "STUDENT", "phone_number": "01737447276", "address": "Sordarpara, Rangpur."}}, {"model": "user_profile.profile", "pk": 194, "fields": {"user": ["fariasabrin200@gmail.com"], "image": "", "gender": "FEMALE", "user_type": "STUDENT", "phone_number": "01717761693", "address": "Checkpost, Rangpur."}}, {"model": "user_profile.profile", "pk": 195, "fields": {"user": ["emtiaz2220@gmail.com"], "image": "", "gender": "MALE", "user_type": "STUDENT", "phone_number": "01737043443", "address": "Sat Matha, Rangpur."}}, {"model": "user_profile.profile", "pk": 196, "fields": {"user": ["polash.sahel@gmail.com"], "image": "", "gender": "MALE", "user_type": "STUDENT", "phone_number": "01783357375", "address": "Sordarpara, Rangpur."}}, {"model": "user_profile.profile", "pk": 197, "fields": {"user": ["raisajannatanu17@gmail.com"], "image": "", "gender": "FEMALE", "user_type": "STUDENT", "phone_number": "01406181108", "address": "Chalkbazar, Rangpur."}}, {"model": "user_profile.profile", "pk": 198, "fields": {"user": ["sirsarmin855@gmail.com"], "image": "", "gender": "FEMALE", "user_type": "STUDENT", "phone_number": "01750262917", "address": "Medical Mor, Rangpur."}}, {"model": "user_profile.profile", "pk": 199, "fields": {"user": ["tonmoyroy5885@gmail.com"], "image": "", "gender": "MALE", "user_type": "STUDENT", "phone_number": "1717588573", "address": "Sordarpara, Rangpur."}}, {"model": "user_profile.profile", "pk": 200, "fields": {"user": ["farid_ru@yahoo.com"], "image": "", "gender": "MALE", "user_type": "TEACHER", "phone_number": "01712135849", "address": "BRUR,Rangpur."}}, {"model": "user_profile.profile", "pk": 201, "fields": {"user": ["mizan@brur.ac.bd"], "image": "", "gender": "MALE", "user_type": "TEACHER", "phone_number": "01781013468", "address": "BRUR,Rangpur."}}, {"model": "user_profile.profile", "pk": 202, "fields": {"user": ["ileas@gmail.com"], "image": "", "gender": "MALE", "user_type": "TEACHER", "phone_number": "01762929641", "address": "BRUR,Rangpur."}}, {"model": "user_profile.profile", "pk": 203, "fields": {"user": ["prodip@brur.ac.bd"], "image": "", "gender": "MALE", "user_type": "TEACHER", "phone_number": "01719865262", "address": "BRUR,Rangpur."}}, {"model": "user_profile.profile", "pk": 204, "fields": {"user": ["akazadth@gmail.com"], "image": "", "gender": "MALE", "user_type": "TEACHER", "phone_number": "01710504692", "address": "BRUR,Rangpur."}}, {"model": "user_profile.profile", "pk": 205, "fields": {"user": ["sanjoy@brur.ac.bd"], "image": "", "gender": "MALE", "user_type": "TEACHER", "phone_number": "01915139510", "address": "BRUR,Rangpur."}}, {"model": "user_profile.profile", "pk": 206, "fields": {"user": ["cse.zasim@gmail.com"], "image": "", "gender": "MALE", "user_type": "TEACHER", "phone_number": "01719403266", "address": "BRUR,Rangpur."}}, {"model": "user_profile.profile", "pk": 207, "fields": {"user": ["marjia.brur.cse@gmail.com"], "image": "", "gender": "FEMALE", "user_type": "TEACHER", "phone_number": "01763676302", "address": "BRUR,Rangpur."}}, {"model": "admin.logentry", "pk": 1, "fields": {"action_time": "2022-06-20T08:38:49.937Z", "user": ["Admin"], "content_type": ["auth", "user"], "object_id": "1", "object_repr": "fahim6668@gmail.com", "action_flag": 2, "change_message": "[{\"changed\": {\"fields\": [\"Username\", \"First name\", \"Last name\", \"Email address\"]}}]"}}, {"model": "admin.logentry", "pk": 2, "fields": {"action_time": "2022-08-30T19:12:33.190Z", "user": ["Admin"], "content_type": ["user_profile", "profile"], "object_id": "156", "object_repr": "fahim6668@gmail.com", "action_flag": 1, "change_message": "[{\"added\": {}}]"}}, {"model": "admin.logentry", "pk": 3, "fields": {"action_time": "2022-08-30T19:13:06.093Z", "user": ["Admin"], "content_type": ["sports", "player"], "object_id": "101", "object_repr": "Event object (101)", "action_flag": 1, "change_message": "[{\"added\": {}}]"}}, {"model": "admin.logentry", "pk": 4, "fields": {"action_time": "2022-08-30T19:24:29.791Z", "user": ["Admin"], "content_type": ["sports", "venue"], "object_id": "1", "object_repr": "Manager object (1)", "action_flag": 1, "change_message": "[{\"added\": {}}]"}}, {"model": "admin.logentry", "pk": 5, "fields": {"action_time": "2022-08-30T19:58:20.799Z", "user": ["Admin"], "content_type": ["sports", "match"], "object_id": "1", "object_repr": "Player object (1)", "action_flag": 1, "change_message": "[{\"added\": {}}]"}}, {"model": "admin.logentry", "pk": 6, "fields": {"action_time": "2022-08-30T19:58:46.240Z", "user": ["Admin"], "content_type": ["sports", "team"], "object_id": "1", "object_repr": "Group object (1)", "action_flag": 1, "change_message": "[{\"added\": {}}]"}}, {"model": "admin.logentry", "pk": 7, "fields": {"action_time": "2022-08-30T19:58:48.661Z", "user": ["Admin"], "content_type": ["sports", "teacher"], "object_id": "1", "object_repr": "Team object (1)", "action_flag": 1, "change_message": "[{\"added\": {}}, {\"added\": {\"name\": \"team player\", \"object\": \"TeamPlayer object (1)\"}}]"}}, {"model": "admin.logentry", "pk": 8, "fields": {"action_time": "2022-08-30T19:59:56.343Z", "user": ["Admin"], "content_type": ["sports", "match"], "object_id": "2", "object_repr": "Richard Ferguson", "action_flag": 1, "change_message": "[{\"added\": {}}]"}}, {"model": "admin.logentry", "pk": 9, "fields": {"action_time": "2022-08-30T19:59:58.149Z", "user": ["Admin"], "content_type": ["sports", "teacher"], "object_id": "1", "object_repr": "Team object (1)", "action_flag": 2, "change_message": "[{\"added\": {\"name\": \"team player\", \"object\": \"TeamPlayer object (2)\"}}]"}}, {"model": "admin.logentry", "pk": 10, "fields": {"action_time": "2022-08-30T20:00:02.798Z", "user": ["Admin"], "content_type": ["sports", "teacher"], "object_id": "1", "object_repr": "Team object (1)", "action_flag": 2, "change_message": "[{\"deleted\": {\"name\": \"team player\", \"object\": \"TeamPlayer object (None)\"}}]"}}, {"model": "admin.logentry", "pk": 11, "fields": {"action_time": "2022-08-30T20:01:00.522Z", "user": ["Admin"], "content_type": ["sports", "teacher"], "object_id": "1", "object_repr": "Team object (1)", "action_flag": 2, "change_message": "[]"}}, {"model": "admin.logentry", "pk": 12, "fields": {"action_time": "2022-08-30T20:03:53.792Z", "user": ["Admin"], "content_type": ["auth", "group"], "object_id": "1", "object_repr": "Managers", "action_flag": 1, "change_message": "[{\"added\": {}}]"}}, {"model": "admin.logentry", "pk": 13, "fields": {"action_time": "2022-08-30T20:04:12.113Z", "user": ["Admin"], "content_type": ["sports", "venue"], "object_id": "1", "object_repr": "Manager object (1)", "action_flag": 2, "change_message": "[{\"changed\": {\"fields\": [\"Profile\"]}}]"}}, {"model": "admin.logentry", "pk": 14, "fields": {"action_time": "2022-08-30T20:04:36.429Z", "user": ["Admin"], "content_type": ["auth", "user"], "object_id": "156", "object_repr": "mcmahonallison@example.org", "action_flag": 2, "change_message": "[{\"changed\": {\"fields\": [\"Staff status\", \"Groups\"]}}]"}}, {"model": "admin.logentry", "pk": 15, "fields": {"action_time": "2022-08-30T20:04:46.779Z", "user": ["Admin"], "content_type": ["auth", "user"], "object_id": "156", "object_repr": "mcmahonallison@example.org", "action_flag": 2, "change_message": "[{\"changed\": {\"fields\": [\"password\"]}}]"}}, {"model": "admin.logentry", "pk": 16, "fields": {"action_time": "2022-08-30T20:05:14.788Z", "user": ["Admin"], "content_type": ["auth", "user"], "object_id": "156", "object_repr": "mcmahonallison@example.org", "action_flag": 2, "change_message": "[{\"changed\": {\"fields\": [\"Last login\"]}}]"}}, {"model": "admin.logentry", "pk": 17, "fields": {"action_time": "2022-08-30T20:05:59.124Z", "user": ["Admin"], "content_type": ["auth", "user"], "object_id": "156", "object_repr": "mcmahonallison@example.org", "action_flag": 2, "change_message": "[]"}}, {"model": "admin.logentry", "pk": 18, "fields": {"action_time": "2022-08-30T20:06:15.516Z", "user": ["Admin"], "content_type": ["auth", "group"], "object_id": "1", "object_repr": "Managers", "action_flag": 2, "change_message": "[{\"changed\": {\"fields\": [\"Permissions\"]}}]"}}, {"model": "admin.logentry", "pk": 19, "fields": {"action_time": "2022-08-30T20:08:07.988Z", "user": ["Admin"], "content_type": ["sports", "manager"], "object_id": "1", "object_repr": "Match object (1)", "action_flag": 1, "change_message": "[{\"added\": {}}]"}}, {"model": "admin.logentry", "pk": 20, "fields": {"action_time": "2022-08-30T20:34:13.416Z", "user": ["Admin"], "content_type": ["sports", "team"], "object_id": "2", "object_repr": "Group A", "action_flag": 1, "change_message": "[{\"added\": {}}]"}}, {"model": "admin.logentry", "pk": 21, "fields": {"action_time": "2022-08-30T20:34:24.574Z", "user": ["Admin"], "content_type": ["sports", "team"], "object_id": "3", "object_repr": "Group B", "action_flag": 1, "change_message": "[{\"added\": {}}]"}}, {"model": "admin.logentry", "pk": 22, "fields": {"action_time": "2022-08-30T20:36:06.878Z", "user": ["Admin"], "content_type": ["sports", "teacher"], "object_id": "2", "object_repr": "Team 1", "action_flag": 1, "change_message": "[{\"added\": {}}]"}}, {"model": "admin.logentry", "pk": 23, "fields": {"action_time": "2022-08-30T20:36:19.269Z", "user": ["Admin"], "content_type": ["sports", "teacher"], "object_id": "3", "object_repr": "Team 2", "action_flag": 1, "change_message": "[{\"added\": {}}]"}}, {"model": "admin.logentry", "pk": 24, "fields": {"action_time": "2022-08-30T20:36:32.483Z", "user": ["Admin"], "content_type": ["sports", "teacher"], "object_id": "4", "object_repr": "Team 3", "action_flag": 1, "change_message": "[{\"added\": {}}]"}}, {"model": "admin.logentry", "pk": 25, "fields": {"action_time": "2022-08-30T20:36:43.742Z", "user": ["Admin"], "content_type": ["sports", "teacher"], "object_id": "5", "object_repr": "Team 4", "action_flag": 1, "change_message": "[{\"added\": {}}]"}}, {"model": "admin.logentry", "pk": 26, "fields": {"action_time": "2022-08-30T20:37:19.276Z", "user": ["Admin"], "content_type": ["sports", "teacher"], "object_id": "6", "object_repr": "Team 5", "action_flag": 1, "change_message": "[{\"added\": {}}]"}}, {"model": "admin.logentry", "pk": 27, "fields": {"action_time": "2022-08-30T20:37:31.462Z", "user": ["Admin"], "content_type": ["sports", "teacher"], "object_id": "7", "object_repr": "Team 6", "action_flag": 1, "change_message": "[{\"added\": {}}]"}}, {"model": "admin.logentry", "pk": 28, "fields": {"action_time": "2022-08-30T20:37:44.774Z", "user": ["Admin"], "content_type": ["sports", "teacher"], "object_id": "8", "object_repr": "Team 7", "action_flag": 1, "change_message": "[{\"added\": {}}]"}}, {"model": "admin.logentry", "pk": 29, "fields": {"action_time": "2022-08-30T20:37:58.499Z", "user": ["Admin"], "content_type": ["sports", "teacher"], "object_id": "9", "object_repr": "Team 8", "action_flag": 1, "change_message": "[{\"added\": {}}]"}}, {"model": "admin.logentry", "pk": 30, "fields": {"action_time": "2022-08-30T20:38:17.546Z", "user": ["Admin"], "content_type": ["sports", "teacher"], "object_id": "10", "object_repr": "Team 9", "action_flag": 1, "change_message": "[{\"added\": {}}]"}}, {"model": "admin.logentry", "pk": 31, "fields": {"action_time": "2022-08-30T20:38:27.580Z", "user": ["Admin"], "content_type": ["sports", "teacher"], "object_id": "11", "object_repr": "Team 10", "action_flag": 1, "change_message": "[{\"added\": {}}]"}}, {"model": "admin.logentry", "pk": 32, "fields": {"action_time": "2022-08-30T20:38:38.535Z", "user": ["Admin"], "content_type": ["sports", "teacher"], "object_id": "12", "object_repr": "Team 11", "action_flag": 1, "change_message": "[{\"added\": {}}]"}}, {"model": "admin.logentry", "pk": 33, "fields": {"action_time": "2022-08-30T20:44:30.805Z", "user": ["Admin"], "content_type": ["sports", "match"], "object_id": "3", "object_repr": "Christopher Simmons", "action_flag": 1, "change_message": "[{\"added\": {}}]"}}, {"model": "admin.logentry", "pk": 34, "fields": {"action_time": "2022-08-30T20:45:48.619Z", "user": ["Admin"], "content_type": ["sports", "match"], "object_id": "4", "object_repr": "Melissa Hunt", "action_flag": 1, "change_message": "[{\"added\": {}}]"}}, {"model": "admin.logentry", "pk": 35, "fields": {"action_time": "2022-08-30T20:45:52.717Z", "user": ["Admin"], "content_type": ["sports", "match"], "object_id": "5", "object_repr": "Rebecca Moore", "action_flag": 1, "change_message": "[{\"added\": {}}]"}}, {"model": "admin.logentry", "pk": 36, "fields": {"action_time": "2022-08-30T20:45:58.253Z", "user": ["Admin"], "content_type": ["sports", "match"], "object_id": "6", "object_repr": "April Martin", "action_flag": 1, "change_message": "[{\"added\": {}}]"}}, {"model": "admin.logentry", "pk": 37, "fields": {"action_time": "2022-08-30T20:46:01.008Z", "user": ["Admin"], "content_type": ["sports", "match"], "object_id": "7", "object_repr": "Maria Osborne", "action_flag": 1, "change_message": "[{\"added\": {}}]"}}, {"model": "admin.logentry", "pk": 38, "fields": {"action_time": "2022-08-30T20:46:05.105Z", "user": ["Admin"], "content_type": ["sports", "match"], "object_id": "8", "object_repr": "Adam Brown", "action_flag": 1, "change_message": "[{\"added\": {}}]"}}, {"model": "admin.logentry", "pk": 39, "fields": {"action_time": "2022-08-30T20:46:51.909Z", "user": ["Admin"], "content_type": ["sports", "match"], "object_id": "9", "object_repr": "Devin Frazier", "action_flag": 1, "change_message": "[{\"added\": {}}]"}}, {"model": "admin.logentry", "pk": 40, "fields": {"action_time": "2022-08-30T20:46:55.801Z", "user": ["Admin"], "content_type": ["sports", "match"], "object_id": "10", "object_repr": "Nicole Jordan", "action_flag": 1, "change_message": "[{\"added\": {}}]"}}, {"model": "admin.logentry", "pk": 41, "fields": {"action_time": "2022-08-30T20:46:58.770Z", "user": ["Admin"], "content_type": ["sports", "match"], "object_id": "11", "object_repr": "Kathryn Aguilar", "action_flag": 1, "change_message": "[{\"added\": {}}]"}}, {"model": "admin.logentry", "pk": 42, "fields": {"action_time": "2022-08-30T20:47:01.635Z", "user": ["Admin"], "content_type": ["sports", "match"], "object_id": "12", "object_repr": "Diane Miller", "action_flag": 1, "change_message": "[{\"added\": {}}]"}}, {"model": "admin.logentry", "pk": 43, "fields": {"action_time": "2022-08-30T20:47:03.786Z", "user": ["Admin"], "content_type": ["sports", "match"], "object_id": "13", "object_repr": "Laura Fleming", "action_flag": 1, "change_message": "[{\"added\": {}}]"}}, {"model": "admin.logentry", "pk": 44, "fields": {"action_time": "2022-08-30T20:47:06.347Z", "user": ["Admin"], "content_type": ["sports", "match"], "object_id": "14", "object_repr": "William Manning", "action_flag": 1, "change_message": "[{\"added\": {}}]"}}, {"model": "admin.logentry", "pk": 45, "fields": {"action_time": "2022-08-30T20:47:08.766Z", "user": ["Admin"], "content_type": ["sports", "match"], "object_id": "15", "object_repr": "Luke Austin", "action_flag": 1, "change_message": "[{\"added\": {}}]"}}, {"model": "admin.logentry", "pk": 46, "fields": {"action_time": "2022-08-30T20:47:11.466Z", "user": ["Admin"], "content_type": ["sports", "match"], "object_id": "16", "object_repr": "Julie Williams", "action_flag": 1, "change_message": "[{\"added\": {}}]"}}, {"model": "admin.logentry", "pk": 47, "fields": {"action_time": "2022-08-30T20:47:15.461Z", "user": ["Admin"], "content_type": ["sports", "match"], "object_id": "17", "object_repr": "George Estrada", "action_flag": 1, "change_message": "[{\"added\": {}}]"}}, {"model": "admin.logentry", "pk": 48, "fields": {"action_time": "2022-08-30T20:47:20.814Z", "user": ["Admin"], "content_type": ["sports", "match"], "object_id": "18", "object_repr": "Jessica Monroe", "action_flag": 1, "change_message": "[{\"added\": {}}]"}}, {"model": "admin.logentry", "pk": 49, "fields": {"action_time": "2022-08-30T20:47:22.837Z", "user": ["Admin"], "content_type": ["sports", "match"], "object_id": "19", "object_repr": "Thomas Myers", "action_flag": 1, "change_message": "[{\"added\": {}}]"}}, {"model": "admin.logentry", "pk": 50, "fields": {"action_time": "2022-08-30T20:47:25.388Z", "user": ["Admin"], "content_type": ["sports", "match"], "object_id": "20", "object_repr": "Alexander Robinson", "action_flag": 1, "change_message": "[{\"added\": {}}]"}}, {"model": "admin.logentry", "pk": 51, "fields": {"action_time": "2022-08-30T20:47:27.749Z", "user": ["Admin"], "content_type": ["sports", "match"], "object_id": "21", "object_repr": "Kurt Johnson", "action_flag": 1, "change_message": "[{\"added\": {}}]"}}, {"model": "admin.logentry", "pk": 52, "fields": {"action_time": "2022-08-30T20:47:30.311Z", "user": ["Admin"], "content_type": ["sports", "match"], "object_id": "22", "object_repr": "Maria Perez", "action_flag": 1, "change_message": "[{\"added\": {}}]"}}, {"model": "admin.logentry", "pk": 53, "fields": {"action_time": "2022-08-30T20:47:32.663Z", "user": ["Admin"], "content_type": ["sports", "match"], "object_id": "23", "object_repr": "Tonya Freeman", "action_flag": 1, "change_message": "[{\"added\": {}}]"}}, {"model": "admin.logentry", "pk": 54, "fields": {"action_time": "2022-08-30T20:47:34.637Z", "user": ["Admin"], "content_type": ["sports", "match"], "object_id": "24", "object_repr": "Jonathan Mccall", "action_flag": 1, "change_message": "[{\"added\": {}}]"}}, {"model": "admin.logentry", "pk": 55, "fields": {"action_time": "2022-08-30T20:47:37.990Z", "user": ["Admin"], "content_type": ["sports", "match"], "object_id": "25", "object_repr": "Cindy Thomas", "action_flag": 1, "change_message": "[{\"added\": {}}]"}}, {"model": "admin.logentry", "pk": 56, "fields": {"action_time": "2022-08-30T20:47:44.238Z", "user": ["Admin"], "content_type": ["sports", "match"], "object_id": "26", "object_repr": "Shelley Soto", "action_flag": 1, "change_message": "[{\"added\": {}}]"}}, {"model": "admin.logentry", "pk": 57, "fields": {"action_time": "2022-08-30T20:47:56.732Z", "user": ["Admin"], "content_type": ["sports", "match"], "object_id": "27", "object_repr": "Brian Copeland", "action_flag": 1, "change_message": "[{\"added\": {}}]"}}, {"model": "admin.logentry", "pk": 58, "fields": {"action_time": "2022-08-30T20:48:00.209Z", "user": ["Admin"], "content_type": ["sports", "match"], "object_id": "28", "object_repr": "Charlotte Lowery", "action_flag": 1, "change_message": "[{\"added\": {}}]"}}, {"model": "admin.logentry", "pk": 59, "fields": {"action_time": "2022-08-30T20:48:02.646Z", "user": ["Admin"], "content_type": ["sports", "match"], "object_id": "29", "object_repr": "Chelsea Avery", "action_flag": 1, "change_message": "[{\"added\": {}}]"}}, {"model": "admin.logentry", "pk": 60, "fields": {"action_time": "2022-08-30T20:48:05.025Z", "user": ["Admin"], "content_type": ["sports", "match"], "object_id": "30", "object_repr": "Stephanie Stewart", "action_flag": 1, "change_message": "[{\"added\": {}}]"}}, {"model": "admin.logentry", "pk": 61, "fields": {"action_time": "2022-08-30T20:48:07.072Z", "user": ["Admin"], "content_type": ["sports", "match"], "object_id": "31", "object_repr": "Devin Wilson", "action_flag": 1, "change_message": "[{\"added\": {}}]"}}, {"model": "admin.logentry", "pk": 62, "fields": {"action_time": "2022-08-30T20:48:09.119Z", "user": ["Admin"], "content_type": ["sports", "match"], "object_id": "32", "object_repr": "Sarah Little", "action_flag": 1, "change_message": "[{\"added\": {}}]"}}, {"model": "admin.logentry", "pk": 63, "fields": {"action_time": "2022-08-30T20:48:14.341Z", "user": ["Admin"], "content_type": ["sports", "match"], "object_id": "33", "object_repr": "John Bryant", "action_flag": 1, "change_message": "[{\"added\": {}}]"}}, {"model": "admin.logentry", "pk": 64, "fields": {"action_time": "2022-08-30T20:48:16.394Z", "user": ["Admin"], "content_type": ["sports", "match"], "object_id": "34", "object_repr": "Leslie Reed", "action_flag": 1, "change_message": "[{\"added\": {}}]"}}, {"model": "admin.logentry", "pk": 65, "fields": {"action_time": "2022-08-30T20:48:18.439Z", "user": ["Admin"], "content_type": ["sports", "match"], "object_id": "35", "object_repr": "Adam Garrett", "action_flag": 1, "change_message": "[{\"added\": {}}]"}}, {"model": "admin.logentry", "pk": 66, "fields": {"action_time": "2022-08-30T20:48:21.101Z", "user": ["Admin"], "content_type": ["sports", "match"], "object_id": "36", "object_repr": "Darren Wilson", "action_flag": 1, "change_message": "[{\"added\": {}}]"}}, {"model": "admin.logentry", "pk": 67, "fields": {"action_time": "2022-08-30T20:48:23.250Z", "user": ["Admin"], "content_type": ["sports", "match"], "object_id": "37", "object_repr": "Christine Mejia", "action_flag": 1, "change_message": "[{\"added\": {}}]"}}, {"model": "admin.logentry", "pk": 68, "fields": {"action_time": "2022-08-30T20:48:25.090Z", "user": ["Admin"], "content_type": ["sports", "match"], "object_id": "38", "object_repr": "Jenna Jimenez", "action_flag": 1, "change_message": "[{\"added\": {}}]"}}, {"model": "admin.logentry", "pk": 69, "fields": {"action_time": "2022-08-30T20:48:27.653Z", "user": ["Admin"], "content_type": ["sports", "match"], "object_id": "39", "object_repr": "Sherri Obrien", "action_flag": 1, "change_message": "[{\"added\": {}}]"}}, {"model": "admin.logentry", "pk": 70, "fields": {"action_time": "2022-08-30T20:48:30.523Z", "user": ["Admin"], "content_type": ["sports", "match"], "object_id": "40", "object_repr": "Melissa Johnson", "action_flag": 1, "change_message": "[{\"added\": {}}]"}}, {"model": "admin.logentry", "pk": 71, "fields": {"action_time": "2022-08-30T20:48:32.671Z", "user": ["Admin"], "content_type": ["sports", "match"], "object_id": "41", "object_repr": "Joshua Williams", "action_flag": 1, "change_message": "[{\"added\": {}}]"}}, {"model": "admin.logentry", "pk": 72, "fields": {"action_time": "2022-08-30T20:48:34.928Z", "user": ["Admin"], "content_type": ["sports", "match"], "object_id": "42", "object_repr": "Daniel Price", "action_flag": 1, "change_message": "[{\"added\": {}}]"}}, {"model": "admin.logentry", "pk": 73, "fields": {"action_time": "2022-08-30T20:48:39.943Z", "user": ["Admin"], "content_type": ["sports", "match"], "object_id": "43", "object_repr": "Jonathan Bailey", "action_flag": 1, "change_message": "[{\"added\": {}}]"}}, {"model": "admin.logentry", "pk": 74, "fields": {"action_time": "2022-08-30T20:48:42.296Z", "user": ["Admin"], "content_type": ["sports", "match"], "object_id": "44", "object_repr": "Terry Ray", "action_flag": 1, "change_message": "[{\"added\": {}}]"}}, {"model": "admin.logentry", "pk": 75, "fields": {"action_time": "2022-08-30T20:48:44.237Z", "user": ["Admin"], "content_type": ["sports", "match"], "object_id": "45", "object_repr": "Allison Smith", "action_flag": 1, "change_message": "[{\"added\": {}}]"}}, {"model": "admin.logentry", "pk": 76, "fields": {"action_time": "2022-08-30T20:48:46.340Z", "user": ["Admin"], "content_type": ["sports", "match"], "object_id": "46", "object_repr": "Stephanie Mitchell", "action_flag": 1, "change_message": "[{\"added\": {}}]"}}, {"model": "admin.logentry", "pk": 77, "fields": {"action_time": "2022-08-30T20:48:48.633Z", "user": ["Admin"], "content_type": ["sports", "match"], "object_id": "47", "object_repr": "Lori Lane", "action_flag": 1, "change_message": "[{\"added\": {}}]"}}, {"model": "admin.logentry", "pk": 78, "fields": {"action_time": "2022-08-30T20:54:31.143Z", "user": ["Admin"], "content_type": ["sports", "match"], "object_id": "48", "object_repr": "Lauren Adams", "action_flag": 1, "change_message": "[{\"added\": {}}]"}}, {"model": "admin.logentry", "pk": 79, "fields": {"action_time": "2022-08-30T20:54:43.967Z", "user": ["Admin"], "content_type": ["sports", "match"], "object_id": "49", "object_repr": "Kevin Jordan", "action_flag": 1, "change_message": "[{\"added\": {}}]"}}, {"model": "admin.logentry", "pk": 80, "fields": {"action_time": "2022-08-30T20:54:46.188Z", "user": ["Admin"], "content_type": ["sports", "match"], "object_id": "50", "object_repr": "Zachary Colon", "action_flag": 1, "change_message": "[{\"added\": {}}]"}}, {"model": "admin.logentry", "pk": 81, "fields": {"action_time": "2022-08-30T20:54:48.541Z", "user": ["Admin"], "content_type": ["sports", "match"], "object_id": "51", "object_repr": "Tiffany Fleming", "action_flag": 1, "change_message": "[{\"added\": {}}]"}}, {"model": "admin.logentry", "pk": 82, "fields": {"action_time": "2022-08-30T20:54:52.876Z", "user": ["Admin"], "content_type": ["sports", "match"], "object_id": "52", "object_repr": "Christopher Hernandez", "action_flag": 1, "change_message": "[{\"added\": {}}]"}}, {"model": "admin.logentry", "pk": 83, "fields": {"action_time": "2022-08-30T20:55:02.135Z", "user": ["Admin"], "content_type": ["sports", "match"], "object_id": "53", "object_repr": "Lisa Fox", "action_flag": 1, "change_message": "[{\"added\": {}}]"}}, {"model": "admin.logentry", "pk": 84, "fields": {"action_time": "2022-08-30T20:55:04.724Z", "user": ["Admin"], "content_type": ["sports", "match"], "object_id": "54", "object_repr": "Zachary Erickson", "action_flag": 1, "change_message": "[{\"added\": {}}]"}}, {"model": "admin.logentry", "pk": 85, "fields": {"action_time": "2022-08-30T20:55:06.772Z", "user": ["Admin"], "content_type": ["sports", "match"], "object_id": "55", "object_repr": "Stephanie Duncan", "action_flag": 1, "change_message": "[{\"added\": {}}]"}}, {"model": "admin.logentry", "pk": 86, "fields": {"action_time": "2022-08-30T20:55:09.189Z", "user": ["Admin"], "content_type": ["sports", "match"], "object_id": "56", "object_repr": "Tyler Long", "action_flag": 1, "change_message": "[{\"added\": {}}]"}}, {"model": "admin.logentry", "pk": 87, "fields": {"action_time": "2022-08-30T20:55:10.969Z", "user": ["Admin"], "content_type": ["sports", "match"], "object_id": "57", "object_repr": "Mark Baker", "action_flag": 1, "change_message": "[{\"added\": {}}]"}}, {"model": "admin.logentry", "pk": 88, "fields": {"action_time": "2022-08-30T20:55:12.808Z", "user": ["Admin"], "content_type": ["sports", "match"], "object_id": "58", "object_repr": "Ashlee Vargas", "action_flag": 1, "change_message": "[{\"added\": {}}]"}}, {"model": "admin.logentry", "pk": 89, "fields": {"action_time": "2022-08-30T20:55:14.752Z", "user": ["Admin"], "content_type": ["sports", "match"], "object_id": "59", "object_repr": "Angie Jackson", "action_flag": 1, "change_message": "[{\"added\": {}}]"}}, {"model": "admin.logentry", "pk": 90, "fields": {"action_time": "2022-08-30T20:55:16.321Z", "user": ["Admin"], "content_type": ["sports", "match"], "object_id": "60", "object_repr": "Brandon Lambert", "action_flag": 1, "change_message": "[{\"added\": {}}]"}}, {"model": "admin.logentry", "pk": 91, "fields": {"action_time": "2022-08-30T20:55:17.926Z", "user": ["Admin"], "content_type": ["sports", "match"], "object_id": "61", "object_repr": "Alan Ellis", "action_flag": 1, "change_message": "[{\"added\": {}}]"}}, {"model": "admin.logentry", "pk": 92, "fields": {"action_time": "2022-08-30T20:55:19.520Z", "user": ["Admin"], "content_type": ["sports", "match"], "object_id": "62", "object_repr": "Sarah Douglas", "action_flag": 1, "change_message": "[{\"added\": {}}]"}}, {"model": "admin.logentry", "pk": 93, "fields": {"action_time": "2022-08-30T20:55:22.973Z", "user": ["Admin"], "content_type": ["sports", "match"], "object_id": "63", "object_repr": "Julian Russell", "action_flag": 1, "change_message": "[{\"added\": {}}]"}}, {"model": "admin.logentry", "pk": 94, "fields": {"action_time": "2022-08-30T20:57:38.755Z", "user": ["Admin"], "content_type": ["sports", "teacher"], "object_id": "12", "object_repr": "Team 11", "action_flag": 2, "change_message": "[{\"added\": {\"name\": \"team player\", \"object\": \"TeamPlayer object (3)\"}}, {\"added\": {\"name\": \"team player\", \"object\": \"TeamPlayer object (4)\"}}, {\"added\": {\"name\": \"team player\", \"object\": \"TeamPlayer object (5)\"}}, {\"added\": {\"name\": \"team player\", \"object\": \"TeamPlayer object (6)\"}}, {\"added\": {\"name\": \"team player\", \"object\": \"TeamPlayer object (7)\"}}]"}}, {"model": "admin.logentry", "pk": 95, "fields": {"action_time": "2022-08-30T20:58:12.126Z", "user": ["Admin"], "content_type": ["sports", "teacher"], "object_id": "11", "object_repr": "Team 10", "action_flag": 2, "change_message": "[{\"added\": {\"name\": \"team player\", \"object\": \"TeamPlayer object (8)\"}}, {\"added\": {\"name\": \"team player\", \"object\": \"TeamPlayer object (9)\"}}, {\"added\": {\"name\": \"team player\", \"object\": \"TeamPlayer object (10)\"}}, {\"added\": {\"name\": \"team player\", \"object\": \"TeamPlayer object (11)\"}}, {\"added\": {\"name\": \"team player\", \"object\": \"TeamPlayer object (12)\"}}]"}}, {"model": "admin.logentry", "pk": 96, "fields": {"action_time": "2022-08-30T20:58:40.200Z", "user": ["Admin"], "content_type": ["sports", "teacher"], "object_id": "10", "object_repr": "Team 9", "action_flag": 2, "change_message": "[{\"added\": {\"name\": \"team player\", \"object\": \"TeamPlayer object (13)\"}}, {\"added\": {\"name\": \"team player\", \"object\": \"TeamPlayer object (14)\"}}, {\"added\": {\"name\": \"team player\", \"object\": \"TeamPlayer object (15)\"}}, {\"added\": {\"name\": \"team player\", \"object\": \"TeamPlayer object (16)\"}}, {\"added\": {\"name\": \"team player\", \"object\": \"TeamPlayer object (17)\"}}]"}}, {"model": "admin.logentry", "pk": 97, "fields": {"action_time": "2022-08-30T20:59:09.376Z", "user": ["Admin"], "content_type": ["sports", "teacher"], "object_id": "9", "object_repr": "Team 8", "action_flag": 2, "change_message": "[{\"added\": {\"name\": \"team player\", \"object\": \"TeamPlayer object (18)\"}}, {\"added\": {\"name\": \"team player\", \"object\": \"TeamPlayer object (19)\"}}, {\"added\": {\"name\": \"team player\", \"object\": \"TeamPlayer object (20)\"}}, {\"added\": {\"name\": \"team player\", \"object\": \"TeamPlayer object (21)\"}}, {\"added\": {\"name\": \"team player\", \"object\": \"TeamPlayer object (22)\"}}]"}}, {"model": "admin.logentry", "pk": 98, "fields": {"action_time": "2022-08-30T20:59:32.626Z", "user": ["Admin"], "content_type": ["sports", "teacher"], "object_id": "8", "object_repr": "Team 7", "action_flag": 2, "change_message": "[{\"added\": {\"name\": \"team player\", \"object\": \"TeamPlayer object (23)\"}}, {\"added\": {\"name\": \"team player\", \"object\": \"TeamPlayer object (24)\"}}, {\"added\": {\"name\": \"team player\", \"object\": \"TeamPlayer object (25)\"}}, {\"added\": {\"name\": \"team player\", \"object\": \"TeamPlayer object (26)\"}}, {\"added\": {\"name\": \"team player\", \"object\": \"TeamPlayer object (27)\"}}]"}}, {"model": "admin.logentry", "pk": 99, "fields": {"action_time": "2022-08-30T21:00:03.505Z", "user": ["Admin"], "content_type": ["sports", "teacher"], "object_id": "7", "object_repr": "Team 6", "action_flag": 2, "change_message": "[{\"added\": {\"name\": \"team player\", \"object\": \"TeamPlayer object (28)\"}}, {\"added\": {\"name\": \"team player\", \"object\": \"TeamPlayer object (29)\"}}, {\"added\": {\"name\": \"team player\", \"object\": \"TeamPlayer object (30)\"}}, {\"added\": {\"name\": \"team player\", \"object\": \"TeamPlayer object (31)\"}}, {\"added\": {\"name\": \"team player\", \"object\": \"TeamPlayer object (32)\"}}]"}}, {"model": "admin.logentry", "pk": 100, "fields": {"action_time": "2022-08-30T21:00:34.054Z", "user": ["Admin"], "content_type": ["sports", "teacher"], "object_id": "6", "object_repr": "Team 5", "action_flag": 2, "change_message": "[{\"added\": {\"name\": \"team player\", \"object\": \"TeamPlayer object (33)\"}}, {\"added\": {\"name\": \"team player\", \"object\": \"TeamPlayer object (34)\"}}, {\"added\": {\"name\": \"team player\", \"object\": \"TeamPlayer object (35)\"}}, {\"added\": {\"name\": \"team player\", \"object\": \"TeamPlayer object (36)\"}}, {\"added\": {\"name\": \"team player\", \"object\": \"TeamPlayer object (37)\"}}]"}}, {"model": "admin.logentry", "pk": 101, "fields": {"action_time": "2022-08-30T21:01:36.018Z", "user": ["Admin"], "content_type": ["sports", "teacher"], "object_id": "5", "object_repr": "Team 4", "action_flag": 2, "change_message": "[{\"added\": {\"name\": \"team player\", \"object\": \"TeamPlayer object (38)\"}}, {\"added\": {\"name\": \"team player\", \"object\": \"TeamPlayer object (39)\"}}, {\"added\": {\"name\": \"team player\", \"object\": \"TeamPlayer object (40)\"}}, {\"added\": {\"name\": \"team player\", \"object\": \"TeamPlayer object (41)\"}}, {\"added\": {\"name\": \"team player\", \"object\": \"TeamPlayer object (42)\"}}]"}}, {"model": "admin.logentry", "pk": 102, "fields": {"action_time": "2022-08-30T21:03:35.641Z", "user": ["Admin"], "content_type": ["sports", "teacher"], "object_id": "4", "object_repr": "Team 3", "action_flag": 2, "change_message": "[{\"added\": {\"name\": \"team player\", \"object\": \"TeamPlayer object (43)\"}}, {\"added\": {\"name\": \"team player\", \"object\": \"TeamPlayer object (44)\"}}, {\"added\": {\"name\": \"team player\", \"object\": \"TeamPlayer object (45)\"}}, {\"added\": {\"name\": \"team player\", \"object\": \"TeamPlayer object (46)\"}}, {\"added\": {\"name\": \"team player\", \"object\": \"TeamPlayer object (47)\"}}]"}}, {"model": "admin.logentry", "pk": 103, "fields": {"action_time": "2022-08-30T21:04:15.645Z", "user": ["Admin"], "content_type": ["sports", "teacher"], "object_id": "3", "object_repr": "Team 2", "action_flag": 2, "change_message": "[{\"added\": {\"name\": \"team player\", \"object\": \"TeamPlayer object (48)\"}}, {\"added\": {\"name\": \"team player\", \"object\": \"TeamPlayer object (49)\"}}, {\"added\": {\"name\": \"team player\", \"object\": \"TeamPlayer object (50)\"}}, {\"added\": {\"name\": \"team player\", \"object\": \"TeamPlayer object (51)\"}}, {\"added\": {\"name\": \"team player\", \"object\": \"TeamPlayer object (52)\"}}]"}}, {"model": "admin.logentry", "pk": 104, "fields": {"action_time": "2022-08-30T21:04:36.944Z", "user": ["Admin"], "content_type": ["sports", "teacher"], "object_id": "2", "object_repr": "Team 1", "action_flag": 2, "change_message": "[{\"added\": {\"name\": \"team player\", \"object\": \"TeamPlayer object (53)\"}}, {\"added\": {\"name\": \"team player\", \"object\": \"TeamPlayer object (54)\"}}, {\"added\": {\"name\": \"team player\", \"object\": \"TeamPlayer object (55)\"}}, {\"added\": {\"name\": \"team player\", \"object\": \"TeamPlayer object (56)\"}}, {\"added\": {\"name\": \"team player\", \"object\": \"TeamPlayer object (57)\"}}]"}}, {"model": "admin.logentry", "pk": 105, "fields": {"action_time": "2022-08-30T21:05:44.258Z", "user": ["Admin"], "content_type": ["sports", "teacher"], "object_id": "1", "object_repr": "The boys", "action_flag": 2, "change_message": "[{\"added\": {\"name\": \"team player\", \"object\": \"TeamPlayer object (58)\"}}, {\"added\": {\"name\": \"team player\", \"object\": \"TeamPlayer object (59)\"}}, {\"added\": {\"name\": \"team player\", \"object\": \"TeamPlayer object (60)\"}}, {\"added\": {\"name\": \"team player\", \"object\": \"TeamPlayer object (61)\"}}, {\"added\": {\"name\": \"team player\", \"object\": \"TeamPlayer object (62)\"}}, {\"deleted\": {\"name\": \"team player\", \"object\": \"TeamPlayer object (None)\"}}]"}}, {"model": "admin.logentry", "pk": 106, "fields": {"action_time": "2022-08-30T21:09:16.549Z", "user": ["Admin"], "content_type": ["sports", "manager"], "object_id": "1", "object_repr": "New Match", "action_flag": 3, "change_message": ""}}, {"model": "admin.logentry", "pk": 107, "fields": {"action_time": "2022-08-30T21:20:50.598Z", "user": ["Admin"], "content_type": ["sports", "standing"], "object_id": "1", "object_repr": "BRUR Central Field", "action_flag": 1, "change_message": "[{\"added\": {}}]"}}, {"model": "admin.logentry", "pk": 108, "fields": {"action_time": "2022-08-30T21:38:54.363Z", "user": ["Admin"], "content_type": ["sports", "manager"], "object_id": "2", "object_repr": "Match 1", "action_flag": 1, "change_message": "[{\"added\": {}}]"}}, {"model": "admin.logentry", "pk": 109, "fields": {"action_time": "2022-08-30T21:39:34.600Z", "user": ["Admin"], "content_type": ["sports", "manager"], "object_id": "3", "object_repr": "Match 2", "action_flag": 1, "change_message": "[{\"added\": {}}]"}}, {"model": "admin.logentry", "pk": 110, "fields": {"action_time": "2022-08-30T21:40:55.906Z", "user": ["Admin"], "content_type": ["sports", "manager"], "object_id": "4", "object_repr": "Match 3", "action_flag": 1, "change_message": "[{\"added\": {}}]"}}, {"model": "admin.logentry", "pk": 111, "fields": {"action_time": "2022-08-30T21:42:07.480Z", "user": ["Admin"], "content_type": ["sports", "manager"], "object_id": "5", "object_repr": "Match 4", "action_flag": 1, "change_message": "[{\"added\": {}}]"}}, {"model": "admin.logentry", "pk": 112, "fields": {"action_time": "2022-08-30T21:50:14.717Z", "user": ["Admin"], "content_type": ["sports", "manager"], "object_id": "6", "object_repr": "Match 5", "action_flag": 1, "change_message": "[{\"added\": {}}]"}}, {"model": "admin.logentry", "pk": 113, "fields": {"action_time": "2022-08-30T21:52:47.798Z", "user": ["Admin"], "content_type": ["sports", "manager"], "object_id": "7", "object_repr": "Match 6", "action_flag": 1, "change_message": "[{\"added\": {}}]"}}, {"model": "admin.logentry", "pk": 114, "fields": {"action_time": "2022-08-30T21:54:26.311Z", "user": ["Admin"], "content_type": ["sports", "manager"], "object_id": "8", "object_repr": "Match 7", "action_flag": 1, "change_message": "[{\"added\": {}}]"}}, {"model": "admin.logentry", "pk": 115, "fields": {"action_time": "2022-08-30T21:54:54.873Z", "user": ["Admin"], "content_type": ["sports", "manager"], "object_id": "9", "object_repr": "Match 8", "action_flag": 1, "change_message": "[{\"added\": {}}]"}}, {"model": "admin.logentry", "pk": 116, "fields": {"action_time": "2022-08-30T21:55:19.348Z", "user": ["Admin"], "content_type": ["sports", "manager"], "object_id": "10", "object_repr": "Match 9", "action_flag": 1, "change_message": "[{\"added\": {}}]"}}, {"model": "admin.logentry", "pk": 117, "fields": {"action_time": "2022-08-30T21:55:48.424Z", "user": ["Admin"], "content_type": ["sports", "manager"], "object_id": "11", "object_repr": "Match 10", "action_flag": 1, "change_message": "[{\"added\": {}}]"}}, {"model": "admin.logentry", "pk": 118, "fields": {"action_time": "2022-08-30T21:56:19.151Z", "user": ["Admin"], "content_type": ["sports", "manager"], "object_id": "12", "object_repr": "Match 11", "action_flag": 1, "change_message": "[{\"added\": {}}]"}}, {"model": "admin.logentry", "pk": 119, "fields": {"action_time": "2022-08-30T21:57:01.952Z", "user": ["Admin"], "content_type": ["sports", "manager"], "object_id": "13", "object_repr": "Match 12", "action_flag": 1, "change_message": "[{\"added\": {}}]"}}, {"model": "admin.logentry", "pk": 120, "fields": {"action_time": "2022-08-30T21:58:07.795Z", "user": ["Admin"], "content_type": ["sports", "manager"], "object_id": "14", "object_repr": "Match 13", "action_flag": 1, "change_message": "[{\"added\": {}}]"}}, {"model": "admin.logentry", "pk": 121, "fields": {"action_time": "2022-08-30T21:58:31.554Z", "user": ["Admin"], "content_type": ["sports", "manager"], "object_id": "15", "object_repr": "Match 14", "action_flag": 1, "change_message": "[{\"added\": {}}]"}}, {"model": "admin.logentry", "pk": 122, "fields": {"action_time": "2022-08-30T21:59:04.834Z", "user": ["Admin"], "content_type": ["sports", "manager"], "object_id": "16", "object_repr": "Match 15", "action_flag": 1, "change_message": "[{\"added\": {}}]"}}, {"model": "admin.logentry", "pk": 123, "fields": {"action_time": "2022-08-30T21:59:29.103Z", "user": ["Admin"], "content_type": ["sports", "manager"], "object_id": "17", "object_repr": "MAtch 16", "action_flag": 1, "change_message": "[{\"added\": {}}]"}}, {"model": "admin.logentry", "pk": 124, "fields": {"action_time": "2022-08-30T21:59:57.674Z", "user": ["Admin"], "content_type": ["sports", "manager"], "object_id": "18", "object_repr": "Match 17", "action_flag": 1, "change_message": "[{\"added\": {}}]"}}, {"model": "admin.logentry", "pk": 125, "fields": {"action_time": "2022-08-30T22:00:31.363Z", "user": ["Admin"], "content_type": ["sports", "manager"], "object_id": "19", "object_repr": "Match 18", "action_flag": 1, "change_message": "[{\"added\": {}}]"}}, {"model": "admin.logentry", "pk": 126, "fields": {"action_time": "2022-08-31T04:38:56.180Z", "user": ["Admin"], "content_type": ["user_profile", "profile"], "object_id": "156", "object_repr": "Fahim Al Islam", "action_flag": 2, "change_message": "[{\"changed\": {\"fields\": [\"Image\"]}}]"}}, {"model": "admin.logentry", "pk": 127, "fields": {"action_time": "2022-08-31T04:41:48.731Z", "user": ["Admin"], "content_type": ["user_profile", "profile"], "object_id": "156", "object_repr": "Fahim Al Islam", "action_flag": 2, "change_message": "[{\"changed\": {\"fields\": [\"Image\"]}}]"}}, {"model": "admin.logentry", "pk": 128, "fields": {"action_time": "2022-08-31T05:13:34.115Z", "user": ["Admin"], "content_type": ["sports", "player"], "object_id": "16", "object_repr": "Rios Ltd", "action_flag": 2, "change_message": "[{\"changed\": {\"fields\": [\"Image\"]}}]"}}, {"model": "admin.logentry", "pk": 129, "fields": {"action_time": "2022-08-31T05:55:27.073Z", "user": ["Admin"], "content_type": ["sports", "player"], "object_id": "101", "object_repr": "New Event", "action_flag": 2, "change_message": "[{\"changed\": {\"fields\": [\"Image\"]}}]"}}, {"model": "admin.logentry", "pk": 130, "fields": {"action_time": "2022-08-31T06:04:40.875Z", "user": ["Admin"], "content_type": ["sports", "team"], "object_id": "3", "object_repr": "Group B", "action_flag": 2, "change_message": "[{\"changed\": {\"fields\": [\"Event\"]}}]"}}, {"model": "admin.logentry", "pk": 131, "fields": {"action_time": "2022-08-31T06:04:47.183Z", "user": ["Admin"], "content_type": ["sports", "team"], "object_id": "2", "object_repr": "Group A", "action_flag": 2, "change_message": "[{\"changed\": {\"fields\": [\"Event\"]}}]"}}, {"model": "admin.logentry", "pk": 132, "fields": {"action_time": "2022-08-31T06:04:53.790Z", "user": ["Admin"], "content_type": ["sports", "team"], "object_id": "1", "object_repr": "GROUP C", "action_flag": 2, "change_message": "[{\"changed\": {\"fields\": [\"Event\"]}}]"}}, {"model": "admin.logentry", "pk": 133, "fields": {"action_time": "2022-08-31T06:28:30.393Z", "user": ["Admin"], "content_type": ["sports", "teamplayer"], "object_id": "1", "object_repr": "Standing object (1)", "action_flag": 1, "change_message": "[{\"added\": {}}]"}}, {"model": "admin.logentry", "pk": 134, "fields": {"action_time": "2022-08-31T06:32:16.560Z", "user": ["Admin"], "content_type": ["sports", "teamplayer"], "object_id": "2", "object_repr": "Standing object (2)", "action_flag": 1, "change_message": "[{\"added\": {}}]"}}, {"model": "admin.logentry", "pk": 135, "fields": {"action_time": "2022-08-31T06:40:26.901Z", "user": ["Admin"], "content_type": ["sports", "manager"], "object_id": "2", "object_repr": "Match 1", "action_flag": 2, "change_message": "[{\"changed\": {\"fields\": [\"Time\"]}}]"}}, {"model": "admin.logentry", "pk": 136, "fields": {"action_time": "2022-08-31T06:40:51.333Z", "user": ["Admin"], "content_type": ["sports", "manager"], "object_id": "2", "object_repr": "Match 1", "action_flag": 2, "change_message": "[{\"changed\": {\"fields\": [\"Time\"]}}]"}}, {"model": "admin.logentry", "pk": 137, "fields": {"action_time": "2022-08-31T06:41:17.898Z", "user": ["Admin"], "content_type": ["sports", "manager"], "object_id": "2", "object_repr": "Match 1", "action_flag": 2, "change_message": "[{\"changed\": {\"fields\": [\"Time\"]}}]"}}, {"model": "admin.logentry", "pk": 138, "fields": {"action_time": "2022-08-31T06:41:28.694Z", "user": ["Admin"], "content_type": ["sports", "manager"], "object_id": "3", "object_repr": "Match 2", "action_flag": 2, "change_message": "[{\"changed\": {\"fields\": [\"Time\"]}}]"}}, {"model": "admin.logentry", "pk": 139, "fields": {"action_time": "2022-08-31T07:09:29.567Z", "user": ["Admin"], "content_type": ["sports", "teamplayer"], "object_id": "3", "object_repr": "Standing object (3)", "action_flag": 1, "change_message": "[{\"added\": {}}]"}}, {"model": "admin.logentry", "pk": 140, "fields": {"action_time": "2022-08-31T07:09:42.274Z", "user": ["Admin"], "content_type": ["sports", "teamplayer"], "object_id": "4", "object_repr": "Standing object (4)", "action_flag": 1, "change_message": "[{\"added\": {}}]"}}, {"model": "admin.logentry", "pk": 141, "fields": {"action_time": "2022-08-31T07:12:06.287Z", "user": ["Admin"], "content_type": ["sports", "teamplayer"], "object_id": "5", "object_repr": "Standing object (5)", "action_flag": 1, "change_message": "[{\"added\": {}}]"}}, {"model": "admin.logentry", "pk": 142, "fields": {"action_time": "2022-08-31T07:12:36.722Z", "user": ["Admin"], "content_type": ["sports", "teamplayer"], "object_id": "6", "object_repr": "Standing object (6)", "action_flag": 1, "change_message": "[{\"added\": {}}]"}}, {"model": "admin.logentry", "pk": 143, "fields": {"action_time": "2022-08-31T07:14:14.580Z", "user": ["Admin"], "content_type": ["sports", "teamplayer"], "object_id": "7", "object_repr": "Standing object (7)", "action_flag": 1, "change_message": "[{\"added\": {}}]"}}, {"model": "admin.logentry", "pk": 144, "fields": {"action_time": "2022-08-31T07:14:38.514Z", "user": ["Admin"], "content_type": ["sports", "teamplayer"], "object_id": "8", "object_repr": "Standing object (8)", "action_flag": 1, "change_message": "[{\"added\": {}}]"}}, {"model": "admin.logentry", "pk": 145, "fields": {"action_time": "2022-08-31T07:15:10.762Z", "user": ["Admin"], "content_type": ["sports", "teamplayer"], "object_id": "9", "object_repr": "Standing object (9)", "action_flag": 1, "change_message": "[{\"added\": {}}]"}}, {"model": "admin.logentry", "pk": 146, "fields": {"action_time": "2022-08-31T07:15:21.649Z", "user": ["Admin"], "content_type": ["sports", "teamplayer"], "object_id": "10", "object_repr": "Standing object (10)", "action_flag": 1, "change_message": "[{\"added\": {}}]"}}, {"model": "admin.logentry", "pk": 147, "fields": {"action_time": "2022-08-31T07:17:08.131Z", "user": ["Admin"], "content_type": ["sports", "teamplayer"], "object_id": "11", "object_repr": "Standing object (11)", "action_flag": 1, "change_message": "[{\"added\": {}}]"}}, {"model": "admin.logentry", "pk": 148, "fields": {"action_time": "2022-08-31T07:19:39.669Z", "user": ["Admin"], "content_type": ["sports", "teamplayer"], "object_id": "12", "object_repr": "Standing object (12)", "action_flag": 1, "change_message": "[{\"added\": {}}]"}}, {"model": "admin.logentry", "pk": 149, "fields": {"action_time": "2022-08-31T07:20:06.811Z", "user": ["Admin"], "content_type": ["sports", "teamplayer"], "object_id": "13", "object_repr": "Standing object (13)", "action_flag": 1, "change_message": "[{\"added\": {}}]"}}, {"model": "admin.logentry", "pk": 150, "fields": {"action_time": "2022-08-31T07:20:19.923Z", "user": ["Admin"], "content_type": ["sports", "teamplayer"], "object_id": "14", "object_repr": "Standing object (14)", "action_flag": 1, "change_message": "[{\"added\": {}}]"}}, {"model": "admin.logentry", "pk": 151, "fields": {"action_time": "2022-08-31T07:20:52.371Z", "user": ["Admin"], "content_type": ["sports", "teamplayer"], "object_id": "15", "object_repr": "Standing object (15)", "action_flag": 1, "change_message": "[{\"added\": {}}]"}}, {"model": "admin.logentry", "pk": 152, "fields": {"action_time": "2022-08-31T07:21:03.734Z", "user": ["Admin"], "content_type": ["sports", "teamplayer"], "object_id": "16", "object_repr": "Standing object (16)", "action_flag": 1, "change_message": "[{\"added\": {}}]"}}, {"model": "admin.logentry", "pk": 153, "fields": {"action_time": "2022-08-31T07:22:13.381Z", "user": ["Admin"], "content_type": ["sports", "teamplayer"], "object_id": "17", "object_repr": "Standing object (17)", "action_flag": 1, "change_message": "[{\"added\": {}}]"}}, {"model": "admin.logentry", "pk": 154, "fields": {"action_time": "2022-08-31T07:22:36.171Z", "user": ["Admin"], "content_type": ["sports", "teamplayer"], "object_id": "18", "object_repr": "Standing object (18)", "action_flag": 1, "change_message": "[{\"added\": {}}]"}}, {"model": "admin.logentry", "pk": 155, "fields": {"action_time": "2022-08-31T07:23:11.227Z", "user": ["Admin"], "content_type": ["sports", "teamplayer"], "object_id": "19", "object_repr": "Standing object (19)", "action_flag": 1, "change_message": "[{\"added\": {}}]"}}, {"model": "admin.logentry", "pk": 156, "fields": {"action_time": "2022-08-31T07:23:29.975Z", "user": ["Admin"], "content_type": ["sports", "teamplayer"], "object_id": "20", "object_repr": "Standing object (20)", "action_flag": 1, "change_message": "[{\"added\": {}}]"}}, {"model": "admin.logentry", "pk": 157, "fields": {"action_time": "2022-08-31T07:23:44.194Z", "user": ["Admin"], "content_type": ["sports", "teamplayer"], "object_id": "21", "object_repr": "Standing object (21)", "action_flag": 1, "change_message": "[{\"added\": {}}]"}}, {"model": "admin.logentry", "pk": 158, "fields": {"action_time": "2022-08-31T07:23:55.883Z", "user": ["Admin"], "content_type": ["sports", "teamplayer"], "object_id": "22", "object_repr": "Standing object (22)", "action_flag": 1, "change_message": "[{\"added\": {}}]"}}, {"model": "admin.logentry", "pk": 159, "fields": {"action_time": "2022-08-31T07:25:02.726Z", "user": ["Admin"], "content_type": ["sports", "teamplayer"], "object_id": "23", "object_repr": "Standing object (23)", "action_flag": 1, "change_message": "[{\"added\": {}}]"}}, {"model": "admin.logentry", "pk": 160, "fields": {"action_time": "2022-08-31T07:26:42.059Z", "user": ["Admin"], "content_type": ["sports", "teamplayer"], "object_id": "23", "object_repr": "Standing object (23)", "action_flag": 3, "change_message": ""}}, {"model": "admin.logentry", "pk": 161, "fields": {"action_time": "2022-08-31T07:26:42.061Z", "user": ["Admin"], "content_type": ["sports", "teamplayer"], "object_id": "22", "object_repr": "Standing object (22)", "action_flag": 3, "change_message": ""}}, {"model": "admin.logentry", "pk": 162, "fields": {"action_time": "2022-08-31T07:26:42.062Z", "user": ["Admin"], "content_type": ["sports", "teamplayer"], "object_id": "21", "object_repr": "Standing object (21)", "action_flag": 3, "change_message": ""}}, {"model": "admin.logentry", "pk": 163, "fields": {"action_time": "2022-08-31T07:26:42.062Z", "user": ["Admin"], "content_type": ["sports", "teamplayer"], "object_id": "20", "object_repr": "Standing object (20)", "action_flag": 3, "change_message": ""}}, {"model": "admin.logentry", "pk": 164, "fields": {"action_time": "2022-08-31T07:26:42.063Z", "user": ["Admin"], "content_type": ["sports", "teamplayer"], "object_id": "19", "object_repr": "Standing object (19)", "action_flag": 3, "change_message": ""}}, {"model": "admin.logentry", "pk": 165, "fields": {"action_time": "2022-08-31T07:26:55.360Z", "user": ["Admin"], "content_type": ["sports", "teamplayer"], "object_id": "24", "object_repr": "Standing object (24)", "action_flag": 1, "change_message": "[{\"added\": {}}]"}}, {"model": "admin.logentry", "pk": 166, "fields": {"action_time": "2022-08-31T07:27:04.785Z", "user": ["Admin"], "content_type": ["sports", "teamplayer"], "object_id": "25", "object_repr": "Standing object (25)", "action_flag": 1, "change_message": "[{\"added\": {}}]"}}, {"model": "admin.logentry", "pk": 167, "fields": {"action_time": "2022-08-31T07:27:19.011Z", "user": ["Admin"], "content_type": ["sports", "teamplayer"], "object_id": "26", "object_repr": "Standing object (26)", "action_flag": 1, "change_message": "[{\"added\": {}}]"}}, {"model": "admin.logentry", "pk": 168, "fields": {"action_time": "2022-08-31T07:27:26.309Z", "user": ["Admin"], "content_type": ["sports", "teamplayer"], "object_id": "27", "object_repr": "Standing object (27)", "action_flag": 1, "change_message": "[{\"added\": {}}]"}}, {"model": "admin.logentry", "pk": 169, "fields": {"action_time": "2022-08-31T07:27:40.753Z", "user": ["Admin"], "content_type": ["sports", "teamplayer"], "object_id": "28", "object_repr": "Standing object (28)", "action_flag": 1, "change_message": "[{\"added\": {}}]"}}, {"model": "admin.logentry", "pk": 170, "fields": {"action_time": "2022-08-31T07:27:51.485Z", "user": ["Admin"], "content_type": ["sports", "teamplayer"], "object_id": "29", "object_repr": "Standing object (29)", "action_flag": 1, "change_message": "[{\"added\": {}}]"}}, {"model": "admin.logentry", "pk": 171, "fields": {"action_time": "2022-08-31T07:28:15.463Z", "user": ["Admin"], "content_type": ["sports", "teamplayer"], "object_id": "30", "object_repr": "Standing object (30)", "action_flag": 1, "change_message": "[{\"added\": {}}]"}}, {"model": "admin.logentry", "pk": 172, "fields": {"action_time": "2022-08-31T07:28:27.656Z", "user": ["Admin"], "content_type": ["sports", "teamplayer"], "object_id": "31", "object_repr": "Standing object (31)", "action_flag": 1, "change_message": "[{\"added\": {}}]"}}, {"model": "admin.logentry", "pk": 173, "fields": {"action_time": "2022-08-31T07:28:53.212Z", "user": ["Admin"], "content_type": ["sports", "teamplayer"], "object_id": "32", "object_repr": "Standing object (32)", "action_flag": 1, "change_message": "[{\"added\": {}}]"}}, {"model": "admin.logentry", "pk": 174, "fields": {"action_time": "2022-08-31T07:29:02.147Z", "user": ["Admin"], "content_type": ["sports", "teamplayer"], "object_id": "33", "object_repr": "Standing object (33)", "action_flag": 1, "change_message": "[{\"added\": {}}]"}}, {"model": "admin.logentry", "pk": 175, "fields": {"action_time": "2022-08-31T07:29:16.704Z", "user": ["Admin"], "content_type": ["sports", "teamplayer"], "object_id": "34", "object_repr": "Standing object (34)", "action_flag": 1, "change_message": "[{\"added\": {}}]"}}, {"model": "admin.logentry", "pk": 176, "fields": {"action_time": "2022-08-31T07:29:31.860Z", "user": ["Admin"], "content_type": ["sports", "teamplayer"], "object_id": "35", "object_repr": "Standing object (35)", "action_flag": 1, "change_message": "[{\"added\": {}}]"}}, {"model": "admin.logentry", "pk": 177, "fields": {"action_time": "2022-08-31T07:29:44.231Z", "user": ["Admin"], "content_type": ["sports", "teamplayer"], "object_id": "36", "object_repr": "Standing object (36)", "action_flag": 1, "change_message": "[{\"added\": {}}]"}}, {"model": "admin.logentry", "pk": 178, "fields": {"action_time": "2022-08-31T07:30:02.278Z", "user": ["Admin"], "content_type": ["sports", "teamplayer"], "object_id": "37", "object_repr": "Standing object (37)", "action_flag": 1, "change_message": "[{\"added\": {}}]"}}, {"model": "admin.logentry", "pk": 179, "fields": {"action_time": "2022-08-31T07:30:26.057Z", "user": ["Admin"], "content_type": ["sports", "teamplayer"], "object_id": "38", "object_repr": "Standing object (38)", "action_flag": 1, "change_message": "[{\"added\": {}}]"}}, {"model": "admin.logentry", "pk": 180, "fields": {"action_time": "2022-08-31T07:30:37.700Z", "user": ["Admin"], "content_type": ["sports", "teamplayer"], "object_id": "39", "object_repr": "Standing object (39)", "action_flag": 1, "change_message": "[{\"added\": {}}]"}}, {"model": "admin.logentry", "pk": 181, "fields": {"action_time": "2022-08-31T07:31:02.170Z", "user": ["Admin"], "content_type": ["sports", "teamplayer"], "object_id": "40", "object_repr": "Standing object (40)", "action_flag": 1, "change_message": "[{\"added\": {}}]"}}, {"model": "admin.logentry", "pk": 182, "fields": {"action_time": "2022-08-31T07:31:09.784Z", "user": ["Admin"], "content_type": ["sports", "teamplayer"], "object_id": "41", "object_repr": "Standing object (41)", "action_flag": 1, "change_message": "[{\"added\": {}}]"}}, {"model": "admin.logentry", "pk": 183, "fields": {"action_time": "2022-08-31T07:48:49.957Z", "user": ["Admin"], "content_type": ["auth", "user"], "object_id": "156", "object_repr": "MdShamsuzzaman", "action_flag": 2, "change_message": "[{\"changed\": {\"fields\": [\"Username\", \"First name\", \"Last name\", \"Email address\"]}}]"}}, {"model": "admin.logentry", "pk": 184, "fields": {"action_time": "2022-08-31T07:58:46.234Z", "user": ["Admin"], "content_type": ["sports", "player"], "object_id": "101", "object_repr": "BRUR Cricket Tournament", "action_flag": 2, "change_message": "[{\"changed\": {\"fields\": [\"Name\", \"Image\"]}}]"}}, {"model": "admin.logentry", "pk": 185, "fields": {"action_time": "2022-08-31T08:07:05.169Z", "user": ["Admin"], "content_type": ["sports", "player"], "object_id": "101", "object_repr": "BRUR Cricket Tournament", "action_flag": 2, "change_message": "[{\"changed\": {\"fields\": [\"Image\"]}}]"}}, {"model": "admin.logentry", "pk": 186, "fields": {"action_time": "2022-08-31T08:09:39.790Z", "user": ["Admin"], "content_type": ["sports", "player"], "object_id": "1", "object_repr": "BRUR Football Tournament", "action_flag": 2, "change_message": "[{\"changed\": {\"fields\": [\"Name\", \"Image\"]}}]"}}, {"model": "admin.logentry", "pk": 187, "fields": {"action_time": "2022-09-05T19:26:31.666Z", "user": ["Admin"], "content_type": ["sports", "department"], "object_id": "5", "object_repr": "Computer Science and Engineering", "action_flag": 2, "change_message": "[{\"changed\": {\"fields\": [\"Name\"]}}]"}}, {"model": "admin.logentry", "pk": 188, "fields": {"action_time": "2022-09-05T19:26:35.351Z", "user": ["Admin"], "content_type": ["sports", "teacher"], "object_id": "50", "object_repr": "Md. Shamsuzzaman ", "action_flag": 2, "change_message": "[]"}}, {"model": "admin.logentry", "pk": 189, "fields": {"action_time": "2022-09-05T19:52:42.850Z", "user": ["Admin"], "content_type": ["sports", "venue"], "object_id": "1", "object_repr": "BRUR Central Field", "action_flag": 2, "change_message": "[{\"changed\": {\"fields\": [\"Image\"]}}]"}}, {"model": "admin.logentry", "pk": 190, "fields": {"action_time": "2022-09-06T09:26:45.546Z", "user": ["Admin"], "content_type": ["auth", "user"], "object_id": "1", "object_repr": "fahim6668@gmail.com", "action_flag": 2, "change_message": "[{\"changed\": {\"fields\": [\"First name\", \"Last name\", \"Email address\"]}}]"}}, {"model": "admin.logentry", "pk": 191, "fields": {"action_time": "2022-09-06T09:27:08.526Z", "user": ["Admin"], "content_type": ["auth", "user"], "object_id": "1", "object_repr": "Admin", "action_flag": 2, "change_message": "[{\"changed\": {\"fields\": [\"Username\"]}}]"}}, {"model": "admin.logentry", "pk": 192, "fields": {"action_time": "2022-09-06T09:40:07.736Z", "user": ["Admin"], "content_type": ["sports", "venue"], "object_id": "1", "object_repr": "BRUR Central Field", "action_flag": 2, "change_message": "[]"}}, {"model": "admin.logentry", "pk": 193, "fields": {"action_time": "2022-09-06T09:40:30.317Z", "user": ["Admin"], "content_type": ["sports", "venue"], "object_id": "1", "object_repr": "BRUR Central Field", "action_flag": 2, "change_message": "[{\"changed\": {\"fields\": [\"Image\"]}}]"}}, {"model": "admin.logentry", "pk": 194, "fields": {"action_time": "2022-09-06T09:58:04.189Z", "user": ["Admin"], "content_type": ["auth", "user"], "object_id": "1", "object_repr": "Admin", "action_flag": 2, "change_message": "[{\"changed\": {\"fields\": [\"password\"]}}]"}}, {"model": "admin.logentry", "pk": 195, "fields": {"action_time": "2022-09-06T10:24:53.962Z", "user": ["Admin"], "content_type": ["auth", "user"], "object_id": "156", "object_repr": "MdShamsuzzaman", "action_flag": 2, "change_message": "[{\"changed\": {\"fields\": [\"password\"]}}]"}}, {"model": "admin.logentry", "pk": 196, "fields": {"action_time": "2022-09-06T10:46:35.953Z", "user": ["Admin"], "content_type": ["auth", "user"], "object_id": "81", "object_repr": "clarksara@example.org", "action_flag": 2, "change_message": "[{\"changed\": {\"fields\": [\"First name\"]}}]"}}, {"model": "admin.logentry", "pk": 197, "fields": {"action_time": "2022-09-06T10:47:10.572Z", "user": ["Admin"], "content_type": ["user_profile", "profile"], "object_id": "80", "object_repr": "Marjuk Russell", "action_flag": 2, "change_message": "[{\"changed\": {\"fields\": [\"Phone number\", \"Address\"]}}]"}}, {"model": "admin.logentry", "pk": 198, "fields": {"action_time": "2022-09-06T10:48:21.933Z", "user": ["Admin"], "content_type": ["auth", "user"], "object_id": "81", "object_repr": "Marjuk_Russell", "action_flag": 2, "change_message": "[{\"changed\": {\"fields\": [\"Username\"]}}]"}}, {"model": "admin.logentry", "pk": 199, "fields": {"action_time": "2022-09-06T10:48:24.473Z", "user": ["Admin"], "content_type": ["user_profile", "profile"], "object_id": "80", "object_repr": "Marjuk Russell", "action_flag": 2, "change_message": "[]"}}, {"model": "admin.logentry", "pk": 200, "fields": {"action_time": "2022-09-06T13:06:23.993Z", "user": ["Admin"], "content_type": ["auth", "user"], "object_id": "156", "object_repr": "MdShamsuzzaman", "action_flag": 2, "change_message": "[{\"changed\": {\"fields\": [\"password\"]}}]"}}, {"model": "admin.logentry", "pk": 201, "fields": {"action_time": "2022-09-13T18:39:23.920Z", "user": ["Admin"], "content_type": ["auth", "user"], "object_id": "158", "object_repr": "Md._Aminur_Islam", "action_flag": 1, "change_message": "[{\"added\": {}}]"}}, {"model": "admin.logentry", "pk": 202, "fields": {"action_time": "2022-09-13T18:43:28.120Z", "user": ["Admin"], "content_type": ["user_profile", "profile"], "object_id": "158", "object_repr": " ", "action_flag": 1, "change_message": "[{\"added\": {}}]"}}, {"model": "admin.logentry", "pk": 203, "fields": {"action_time": "2022-09-13T18:52:25.808Z", "user": ["Admin"], "content_type": ["user_profile", "profile"], "object_id": "158", "object_repr": " ", "action_flag": 2, "change_message": "[]"}}, {"model": "admin.logentry", "pk": 204, "fields": {"action_time": "2022-09-13T18:53:33.935Z", "user": ["Admin"], "content_type": ["auth", "user"], "object_id": "158", "object_repr": "Md.AminurIslam", "action_flag": 2, "change_message": "[{\"changed\": {\"fields\": [\"Username\", \"First name\", \"Last name\", \"Email address\"]}}]"}}, {"model": "admin.logentry", "pk": 205, "fields": {"action_time": "2022-09-13T18:53:39.975Z", "user": ["Admin"], "content_type": ["user_profile", "profile"], "object_id": "158", "object_repr": "Aminur Islam", "action_flag": 2, "change_message": "[]"}}, {"model": "admin.logentry", "pk": 206, "fields": {"action_time": "2022-09-24T18:39:21.363Z", "user": ["Admin"], "content_type": ["user_profile", "profile"], "object_id": "163", "object_repr": "Sabrin Jahan Sinha", "action_flag": 2, "change_message": "[{\"changed\": {\"fields\": [\"Gender\"]}}]"}}, {"model": "admin.logentry", "pk": 207, "fields": {"action_time": "2022-09-24T18:39:27.076Z", "user": ["Admin"], "content_type": ["user_profile", "profile"], "object_id": "194", "object_repr": "Faria Sabrin Jui", "action_flag": 2, "change_message": "[{\"changed\": {\"fields\": [\"Gender\"]}}]"}}, {"model": "admin.logentry", "pk": 208, "fields": {"action_time": "2022-09-24T18:39:38.504Z", "user": ["Admin"], "content_type": ["user_profile", "profile"], "object_id": "184", "object_repr": "Mst. Atika Yasmin", "action_flag": 2, "change_message": "[{\"changed\": {\"fields\": [\"Gender\"]}}]"}}, {"model": "admin.logentry", "pk": 209, "fields": {"action_time": "2022-09-24T18:39:58.790Z", "user": ["Admin"], "content_type": ["user_profile", "profile"], "object_id": "174", "object_repr": "Effat Jahan", "action_flag": 2, "change_message": "[{\"changed\": {\"fields\": [\"Gender\"]}}]"}}, {"model": "admin.logentry", "pk": 210, "fields": {"action_time": "2022-09-24T18:40:44.365Z", "user": ["Admin"], "content_type": ["user_profile", "profile"], "object_id": "176", "object_repr": "Afiah Farzanah", "action_flag": 2, "change_message": "[{\"changed\": {\"fields\": [\"Gender\"]}}]"}}, {"model": "admin.logentry", "pk": 211, "fields": {"action_time": "2022-09-24T18:42:15.542Z", "user": ["Admin"], "content_type": ["auth", "user"], "object_id": "158", "object_repr": "Md.AminurIslam", "action_flag": 2, "change_message": "[]"}}, {"model": "admin.logentry", "pk": 212, "fields": {"action_time": "2022-09-24T18:42:51.022Z", "user": ["Admin"], "content_type": ["user_profile", "profile"], "object_id": "200", "object_repr": "Prof.Dr. Abu Kalam Md. Farid Ul Islam", "action_flag": 2, "change_message": "[{\"changed\": {\"fields\": [\"User type\"]}}]"}}, {"model": "admin.logentry", "pk": 213, "fields": {"action_time": "2022-09-24T18:43:02.139Z", "user": ["Admin"], "content_type": ["user_profile", "profile"], "object_id": "201", "object_repr": "Dr. Md. Mizanur Rahoman", "action_flag": 2, "change_message": "[{\"changed\": {\"fields\": [\"User type\"]}}]"}}, {"model": "admin.logentry", "pk": 214, "fields": {"action_time": "2022-09-24T18:43:09.929Z", "user": ["Admin"], "content_type": ["user_profile", "profile"], "object_id": "202", "object_repr": "Dr. Md. Ileas Pramanik Pramanik", "action_flag": 2, "change_message": "[{\"changed\": {\"fields\": [\"User type\"]}}]"}}, {"model": "admin.logentry", "pk": 215, "fields": {"action_time": "2022-09-24T18:43:18.339Z", "user": ["Admin"], "content_type": ["user_profile", "profile"], "object_id": "203", "object_repr": "Prodip Kumar Sarkar", "action_flag": 2, "change_message": "[{\"changed\": {\"fields\": [\"User type\"]}}]"}}, {"model": "admin.logentry", "pk": 216, "fields": {"action_time": "2022-09-24T18:43:29.877Z", "user": ["Admin"], "content_type": ["user_profile", "profile"], "object_id": "204", "object_repr": "Md. Abul Kalam Azad", "action_flag": 2, "change_message": "[{\"changed\": {\"fields\": [\"User type\"]}}]"}}, {"model": "admin.logentry", "pk": 217, "fields": {"action_time": "2022-09-24T18:43:37.429Z", "user": ["Admin"], "content_type": ["user_profile", "profile"], "object_id": "205", "object_repr": "Sanjoy Kumar Saha", "action_flag": 2, "change_message": "[{\"changed\": {\"fields\": [\"User type\"]}}]"}}, {"model": "admin.logentry", "pk": 218, "fields": {"action_time": "2022-09-24T18:43:46.078Z", "user": ["Admin"], "content_type": ["user_profile", "profile"], "object_id": "206", "object_repr": "Md. Zasim Uddin", "action_flag": 2, "change_message": "[{\"changed\": {\"fields\": [\"User type\"]}}]"}}, {"model": "admin.logentry", "pk": 219, "fields": {"action_time": "2022-09-24T18:43:52.639Z", "user": ["Admin"], "content_type": ["user_profile", "profile"], "object_id": "207", "object_repr": "Marzia Sultana", "action_flag": 2, "change_message": "[{\"changed\": {\"fields\": [\"User type\"]}}]"}}, {"model": "admin.logentry", "pk": 220, "fields": {"action_time": "2022-09-24T18:57:32.414Z", "user": ["Admin"], "content_type": ["sports", "match"], "object_id": "17", "object_repr": "Match 16", "action_flag": 2, "change_message": "[{\"changed\": {\"fields\": [\"Name\", \"Time\"]}}]"}}, {"model": "admin.logentry", "pk": 221, "fields": {"action_time": "2022-09-24T18:57:37.825Z", "user": ["Admin"], "content_type": ["sports", "standing"], "object_id": "36", "object_repr": "Standing object (36)", "action_flag": 2, "change_message": "[]"}}, {"model": "admin.logentry", "pk": 222, "fields": {"action_time": "2022-09-24T19:00:47.545Z", "user": ["Admin"], "content_type": ["sports", "venue"], "object_id": "1", "object_repr": "BRUR Central Field", "action_flag": 2, "change_message": "[{\"changed\": {\"fields\": [\"Image\"]}}]"}}, {"model": "admin.logentry", "pk": 223, "fields": {"action_time": "2022-09-24T19:03:25.072Z", "user": ["Admin"], "content_type": ["sports", "teacher"], "object_id": "51", "object_repr": "Dr. Md. Mizanur Rahoman", "action_flag": 1, "change_message": "[{\"added\": {}}]"}}, {"model": "admin.logentry", "pk": 224, "fields": {"action_time": "2022-09-24T19:08:48.428Z", "user": ["Admin"], "content_type": ["sports", "manager"], "object_id": "2", "object_repr": "Dr. Md. Mizanur Rahoman Event: BRUR Football Tournament", "action_flag": 1, "change_message": "[{\"added\": {}}]"}}, {"model": "admin.logentry", "pk": 225, "fields": {"action_time": "2022-09-24T19:09:19.760Z", "user": ["Admin"], "content_type": ["sports", "group"], "object_id": "1", "object_repr": "Group C", "action_flag": 2, "change_message": "[{\"changed\": {\"fields\": [\"Name\"]}}]"}}, {"model": "admin.logentry", "pk": 226, "fields": {"action_time": "2022-09-25T10:08:12.097Z", "user": ["Admin"], "content_type": ["sports", "manager"], "object_id": "3", "object_repr": "Marzia Sultana Event: BRUR Football Tournament", "action_flag": 1, "change_message": "[{\"added\": {}}]"}}, {"model": "admin.logentry", "pk": 227, "fields": {"action_time": "2022-09-25T10:12:16.473Z", "user": ["Admin"], "content_type": ["sports", "event"], "object_id": "102", "object_repr": "Annual Sports Fest", "action_flag": 1, "change_message": "[{\"added\": {}}]"}}, {"model": "admin.logentry", "pk": 228, "fields": {"action_time": "2022-09-25T10:14:52.213Z", "user": ["Admin"], "content_type": ["sports", "manager"], "object_id": "4", "object_repr": "Dr. Md. Ileas Pramanik Pramanik Event: Annual Sports Fest", "action_flag": 1, "change_message": "[{\"added\": {}}]"}}, {"model": "admin.logentry", "pk": 229, "fields": {"action_time": "2022-09-25T10:20:04.366Z", "user": ["Admin"], "content_type": ["sports", "manager"], "object_id": "4", "object_repr": "Md. Zasim Uddin Event: Annual Sports Fest", "action_flag": 2, "change_message": "[{\"changed\": {\"fields\": [\"Profile\"]}}]"}}, {"model": "admin.logentry", "pk": 230, "fields": {"action_time": "2022-09-25T10:21:34.918Z", "user": ["Admin"], "content_type": ["sports", "group"], "object_id": "4", "object_repr": "Group 1", "action_flag": 1, "change_message": "[{\"added\": {}}]"}}, {"model": "admin.logentry", "pk": 231, "fields": {"action_time": "2022-09-25T10:22:09.813Z", "user": ["Admin"], "content_type": ["sports", "group"], "object_id": "5", "object_repr": "Group 2", "action_flag": 1, "change_message": "[{\"added\": {}}]"}}, {"model": "admin.logentry", "pk": 232, "fields": {"action_time": "2022-09-25T10:22:29.869Z", "user": ["Admin"], "content_type": ["sports", "group"], "object_id": "6", "object_repr": "Group 3", "action_flag": 1, "change_message": "[{\"added\": {}}]"}}, {"model": "admin.logentry", "pk": 233, "fields": {"action_time": "2022-09-25T10:25:50.239Z", "user": ["Admin"], "content_type": ["sports", "team"], "object_id": "13", "object_repr": "Group 1 | Team I", "action_flag": 1, "change_message": "[{\"added\": {}}]"}}]